Id,Category
0,80
1,24
2,66
3,10
4,8
5,22
6,70
7,4
8,87
9,80
10,89
11,80
12,5
13,35
14,63
15,43
16,97
17,20
18,72
19,17
20,15
21,52
22,60
23,71
24,49
25,80
26,35
27,8
28,54
29,38
30,26
31,58
32,12
33,6
34,63
35,2
36,38
37,49
38,68
39,99
40,85
41,52
42,42
43,57
44,73
45,78
46,50
47,25
48,36
49,21
50,6
51,66
52,71
53,64
54,41
55,56
56,60
57,6
58,55
59,3
60,33
61,73
62,63
63,61
64,9
65,48
66,73
67,84
68,63
69,24
70,87
71,0
72,80
73,31
74,44
75,35
76,6
77,57
78,38
79,81
80,4
81,98
82,64
83,85
84,57
85,38
86,0
87,49
88,53
89,18
90,32
91,52
92,70
93,74
94,45
95,97
96,96
97,32
98,75
99,41
100,32
101,6
102,38
103,47
104,2
105,35
106,3
107,37
108,64
109,71
110,17
111,29
112,28
113,92
114,89
115,55
116,56
117,63
118,72
119,9
120,57
121,0
122,85
123,2
124,35
125,4
126,80
127,0
128,58
129,80
130,74
131,6
132,36
133,72
134,5
135,42
136,88
137,24
138,14
139,60
140,60
141,74
142,76
143,88
144,2
145,47
146,7
147,75
148,64
149,38
150,30
151,13
152,1
153,54
154,25
155,63
156,99
157,82
158,58
159,41
160,2
161,74
162,73
163,2
164,78
165,3
166,33
167,81
168,8
169,56
170,11
171,87
172,18
173,45
174,18
175,70
176,97
177,55
178,61
179,18
180,28
181,83
182,66
183,33
184,31
185,51
186,24
187,0
188,12
189,78
190,6
191,21
192,62
193,99
194,66
195,36
196,70
197,26
198,39
199,61
200,54
201,58
202,45
203,74
204,55
205,8
206,46
207,39
208,37
209,68
210,69
211,41
212,63
213,28
214,71
215,52
216,65
217,23
218,31
219,88
220,76
221,44
222,77
223,23
224,55
225,10
226,20
227,49
228,26
229,52
230,19
231,31
232,42
233,61
234,11
235,59
236,60
237,48
238,60
239,80
240,61
241,94
242,13
243,63
244,32
245,62
246,15
247,78
248,32
249,35
250,1
251,48
252,42
253,25
254,49
255,52
256,21
257,55
258,93
259,43
260,6
261,7
262,25
263,13
264,44
265,74
266,97
267,10
268,99
269,40
270,74
271,38
272,32
273,85
274,98
275,48
276,19
277,17
278,54
279,73
280,14
281,14
282,32
283,21
284,41
285,80
286,60
287,81
288,14
289,8
290,15
291,70
292,49
293,16
294,10
295,51
296,77
297,64
298,91
299,16
300,70
301,48
302,80
303,7
304,64
305,79
306,52
307,49
308,20
309,3
310,61
311,54
312,61
313,38
314,3
315,18
316,7
317,47
318,97
319,67
320,41
321,19
322,70
323,7
324,31
325,77
326,2
327,76
328,45
329,87
330,41
331,15
332,24
333,89
334,29
335,21
336,15
337,68
338,81
339,33
340,8
341,69
342,81
343,85
344,91
345,50
346,52
347,27
348,6
349,44
350,69
351,52
352,90
353,53
354,22
355,62
356,28
357,24
358,17
359,69
360,75
361,54
362,40
363,29
364,88
365,42
366,46
367,58
368,28
369,20
370,6
371,82
372,27
373,47
374,61
375,44
376,13
377,2
378,37
379,81
380,61
381,80
382,1
383,82
384,13
385,5
386,72
387,21
388,1
389,51
390,33
391,35
392,63
393,16
394,88
395,30
396,74
397,4
398,12
399,89
400,47
401,79
402,52
403,16
404,77
405,32
406,79
407,10
408,4
409,91
410,74
411,58
412,7
413,49
414,85
415,81
416,75
417,65
418,59
419,17
420,40
421,28
422,80
423,23
424,32
425,49
426,66
427,94
428,70
429,1
430,58
431,47
432,80
433,2
434,43
435,2
436,32
437,12
438,82
439,76
440,16
441,67
442,74
443,6
444,25
445,8
446,43
447,13
448,70
449,63
450,80
451,45
452,59
453,63
454,57
455,94
456,66
457,58
458,49
459,7
460,24
461,60
462,30
463,11
464,36
465,99
466,6
467,37
468,28
469,72
470,34
471,79
472,70
473,21
474,3
475,88
476,3
477,53
478,70
479,71
480,40
481,1
482,88
483,31
484,68
485,28
486,70
487,67
488,76
489,63
490,9
491,80
492,61
493,61
494,48
495,37
496,48
497,80
498,37
499,35
500,79
501,73
502,36
503,61
504,86
505,58
506,59
507,97
508,75
509,31
510,83
511,32
512,48
513,83
514,1
515,79
516,3
517,95
518,74
519,17
520,84
521,63
522,50
523,63
524,87
525,61
526,83
527,32
528,6
529,32
530,26
531,53
532,61
533,13
534,97
535,82
536,87
537,35
538,72
539,42
540,8
541,73
542,35
543,47
544,33
545,85
546,80
547,43
548,86
549,42
550,69
551,37
552,71
553,57
554,5
555,62
556,50
557,93
558,61
559,22
560,23
561,70
562,30
563,64
564,41
565,20
566,32
567,18
568,25
569,22
570,22
571,97
572,14
573,65
574,45
575,38
576,59
577,29
578,87
579,92
580,32
581,62
582,36
583,68
584,31
585,74
586,70
587,56
588,8
589,57
590,30
591,83
592,24
593,18
594,43
595,3
596,7
597,99
598,10
599,59
600,15
601,67
602,95
603,91
604,63
605,54
606,33
607,70
608,56
609,65
610,65
611,10
612,61
613,26
614,75
615,88
616,21
617,23
618,28
619,61
620,88
621,54
622,7
623,65
624,51
625,63
626,12
627,22
628,28
629,38
630,71
631,70
632,16
633,28
634,38
635,98
636,23
637,56
638,8
639,45
640,25
641,91
642,88
643,91
644,0
645,99
646,7
647,76
648,49
649,41
650,66
651,74
652,61
653,8
654,21
655,24
656,18
657,1
658,9
659,93
660,8
661,71
662,32
663,11
664,14
665,53
666,84
667,21
668,58
669,31
670,94
671,58
672,19
673,89
674,47
675,70
676,78
677,7
678,56
679,24
680,36
681,42
682,49
683,42
684,17
685,56
686,56
687,49
688,99
689,88
690,41
691,1
692,41
693,5
694,68
695,24
696,93
697,31
698,73
699,5
700,50
701,23
702,75
703,44
704,41
705,25
706,58
707,22
708,74
709,56
710,54
711,48
712,55
713,56
714,13
715,87
716,87
717,32
718,71
719,22
720,27
721,78
722,28
723,65
724,93
725,10
726,37
727,99
728,50
729,64
730,13
731,21
732,68
733,32
734,89
735,2
736,11
737,82
738,26
739,11
740,88
741,64
742,54
743,92
744,98
745,35
746,31
747,19
748,13
749,48
750,28
751,56
752,97
753,3
754,7
755,26
756,38
757,85
758,47
759,89
760,50
761,1
762,81
763,13
764,63
765,24
766,7
767,68
768,65
769,17
770,29
771,92
772,23
773,57
774,8
775,28
776,75
777,64
778,42
779,16
780,74
781,77
782,36
783,99
784,27
785,92
786,3
787,90
788,73
789,34
790,4
791,25
792,71
793,32
794,14
795,68
796,9
797,63
798,10
799,43
800,95
801,44
802,94
803,69
804,89
805,65
806,87
807,49
808,68
809,93
810,64
811,18
812,82
813,67
814,51
815,31
816,73
817,56
818,49
819,43
820,30
821,93
822,37
823,18
824,44
825,36
826,27
827,97
828,3
829,5
830,38
831,58
832,17
833,26
834,89
835,40
836,49
837,34
838,14
839,8
840,62
841,5
842,19
843,75
844,69
845,6
846,79
847,41
848,3
849,88
850,88
851,49
852,91
853,63
854,97
855,52
856,8
857,73
858,63
859,31
860,10
861,81
862,34
863,8
864,63
865,54
866,12
867,59
868,62
869,28
870,51
871,60
872,31
873,33
874,4
875,41
876,3
877,59
878,95
879,11
880,89
881,90
882,12
883,67
884,89
885,20
886,65
887,20
888,0
889,79
890,12
891,33
892,65
893,61
894,55
895,64
896,6
897,11
898,97
899,77
900,88
901,17
902,89
903,17
904,13
905,11
906,52
907,8
908,72
909,31
910,42
911,24
912,71
913,88
914,63
915,4
916,55
917,40
918,23
919,38
920,87
921,72
922,73
923,13
924,73
925,34
926,72
927,82
928,35
929,82
930,6
931,46
932,13
933,62
934,62
935,3
936,0
937,1
938,81
939,61
940,87
941,15
942,86
943,60
944,0
945,43
946,87
947,1
948,92
949,74
950,20
951,79
952,38
953,58
954,22
955,3
956,75
957,35
958,37
959,55
960,73
961,13
962,83
963,24
964,6
965,4
966,67
967,69
968,38
969,61
970,13
971,6
972,45
973,66
974,0
975,42
976,99
977,68
978,1
979,87
980,70
981,62
982,30
983,52
984,43
985,62
986,13
987,21
988,11
989,2
990,27
991,64
992,14
993,19
994,94
995,70
996,92
997,82
998,62
999,12
1000,19
1001,58
1002,55
1003,10
1004,48
1005,90
1006,87
1007,95
1008,96
1009,85
1010,64
1011,6
1012,64
1013,24
1014,60
1015,45
1016,31
1017,69
1018,44
1019,74
1020,14
1021,30
1022,8
1023,41
1024,62
1025,78
1026,48
1027,37
1028,23
1029,94
1030,21
1031,27
1032,43
1033,61
1034,45
1035,64
1036,56
1037,19
1038,18
1039,22
1040,44
1041,93
1042,94
1043,99
1044,7
1045,94
1046,96
1047,36
1048,45
1049,2
1050,37
1051,60
1052,38
1053,74
1054,73
1055,23
1056,11
1057,82
1058,82
1059,49
1060,91
1061,0
1062,85
1063,42
1064,18
1065,36
1066,58
1067,31
1068,8
1069,39
1070,19
1071,52
1072,43
1073,24
1074,17
1075,69
1076,32
1077,32
1078,75
1079,24
1080,12
1081,20
1082,39
1083,56
1084,52
1085,72
1086,58
1087,20
1088,70
1089,77
1090,69
1091,10
1092,75
1093,98
1094,34
1095,8
1096,81
1097,61
1098,37
1099,32
1100,79
1101,48
1102,61
1103,9
1104,84
1105,92
1106,81
1107,73
1108,27
1109,21
1110,0
1111,16
1112,88
1113,33
1114,78
1115,93
1116,60
1117,17
1118,49
1119,80
1120,31
1121,40
1122,59
1123,61
1124,59
1125,8
1126,97
1127,37
1128,94
1129,38
1130,6
1131,83
1132,33
1133,66
1134,65
1135,27
1136,8
1137,48
1138,86
1139,84
1140,55
1141,59
1142,10
1143,63
1144,22
1145,49
1146,40
1147,10
1148,10
1149,28
1150,2
1151,55
1152,42
1153,58
1154,61
1155,51
1156,93
1157,35
1158,90
1159,97
1160,18
1161,60
1162,19
1163,27
1164,67
1165,61
1166,37
1167,88
1168,40
1169,64
1170,86
1171,36
1172,55
1173,38
1174,66
1175,22
1176,14
1177,47
1178,73
1179,4
1180,38
1181,60
1182,36
1183,11
1184,55
1185,8
1186,64
1187,30
1188,2
1189,78
1190,24
1191,63
1192,32
1193,93
1194,63
1195,2
1196,87
1197,10
1198,94
1199,38
1200,68
1201,85
1202,48
1203,87
1204,61
1205,48
1206,4
1207,77
1208,61
1209,13
1210,78
1211,41
1212,74
1213,15
1214,56
1215,32
1216,60
1217,41
1218,17
1219,62
1220,7
1221,71
1222,54
1223,54
1224,93
1225,88
1226,77
1227,36
1228,69
1229,82
1230,89
1231,67
1232,80
1233,96
1234,78
1235,42
1236,35
1237,58
1238,95
1239,6
1240,31
1241,16
1242,51
1243,21
1244,11
1245,7
1246,15
1247,58
1248,2
1249,27
1250,76
1251,21
1252,1
1253,42
1254,48
1255,19
1256,97
1257,36
1258,24
1259,74
1260,45
1261,32
1262,49
1263,80
1264,37
1265,33
1266,69
1267,34
1268,37
1269,48
1270,36
1271,0
1272,43
1273,91
1274,72
1275,61
1276,63
1277,31
1278,71
1279,14
1280,8
1281,7
1282,6
1283,68
1284,68
1285,42
1286,33
1287,82
1288,93
1289,71
1290,39
1291,43
1292,83
1293,92
1294,97
1295,60
1296,50
1297,86
1298,77
1299,82
1300,60
1301,45
1302,18
1303,54
1304,20
1305,75
1306,36
1307,98
1308,63
1309,19
1310,4
1311,35
1312,44
1313,47
1314,74
1315,24
1316,60
1317,73
1318,79
1319,61
1320,66
1321,4
1322,30
1323,50
1324,27
1325,57
1326,66
1327,79
1328,58
1329,76
1330,54
1331,2
1332,89
1333,64
1334,70
1335,58
1336,43
1337,52
1338,94
1339,99
1340,70
1341,41
1342,79
1343,84
1344,85
1345,78
1346,77
1347,98
1348,30
1349,64
1350,45
1351,28
1352,68
1353,43
1354,38
1355,64
1356,21
1357,79
1358,66
1359,78
1360,6
1361,58
1362,41
1363,71
1364,42
1365,6
1366,97
1367,9
1368,31
1369,78
1370,66
1371,33
1372,52
1373,44
1374,56
1375,10
1376,30
1377,52
1378,65
1379,38
1380,67
1381,27
1382,77
1383,16
1384,51
1385,96
1386,44
1387,30
1388,19
1389,12
1390,16
1391,18
1392,22
1393,69
1394,13
1395,41
1396,54
1397,6
1398,17
1399,42
1400,55
1401,89
1402,85
1403,8
1404,20
1405,69
1406,90
1407,43
1408,46
1409,20
1410,53
1411,11
1412,53
1413,52
1414,32
1415,95
1416,77
1417,45
1418,41
1419,10
1420,62
1421,78
1422,68
1423,30
1424,95
1425,30
1426,6
1427,48
1428,91
1429,73
1430,44
1431,32
1432,29
1433,31
1434,93
1435,12
1436,22
1437,61
1438,52
1439,1
1440,43
1441,70
1442,84
1443,49
1444,78
1445,69
1446,79
1447,4
1448,43
1449,50
1450,78
1451,8
1452,67
1453,15
1454,28
1455,69
1456,97
1457,76
1458,70
1459,61
1460,54
1461,23
1462,34
1463,0
1464,88
1465,89
1466,35
1467,8
1468,82
1469,77
1470,36
1471,21
1472,67
1473,67
1474,20
1475,31
1476,85
1477,15
1478,83
1479,94
1480,68
1481,10
1482,55
1483,75
1484,32
1485,99
1486,74
1487,39
1488,87
1489,78
1490,94
1491,10
1492,63
1493,61
1494,71
1495,19
1496,28
1497,46
1498,74
1499,53
1500,81
1501,0
1502,64
1503,72
1504,21
1505,7
1506,52
1507,10
1508,2
1509,97
1510,59
1511,6
1512,64
1513,21
1514,61
1515,16
1516,32
1517,28
1518,24
1519,7
1520,4
1521,4
1522,2
1523,40
1524,89
1525,71
1526,80
1527,1
1528,66
1529,70
1530,42
1531,8
1532,52
1533,74
1534,95
1535,52
1536,69
1537,44
1538,18
1539,33
1540,61
1541,35
1542,53
1543,29
1544,63
1545,8
1546,1
1547,30
1548,75
1549,3
1550,47
1551,44
1552,24
1553,77
1554,56
1555,48
1556,19
1557,99
1558,45
1559,24
1560,58
1561,47
1562,66
1563,11
1564,37
1565,57
1566,12
1567,48
1568,84
1569,53
1570,25
1571,16
1572,20
1573,80
1574,9
1575,62
1576,4
1577,56
1578,55
1579,66
1580,70
1581,4
1582,30
1583,82
1584,62
1585,4
1586,94
1587,50
1588,26
1589,28
1590,67
1591,16
1592,50
1593,64
1594,20
1595,21
1596,74
1597,32
1598,71
1599,95
1600,77
1601,10
1602,83
1603,84
1604,76
1605,1
1606,38
1607,81
1608,38
1609,19
1610,0
1611,52
1612,6
1613,71
1614,32
1615,88
1616,75
1617,56
1618,88
1619,57
1620,9
1621,93
1622,94
1623,78
1624,1
1625,57
1626,2
1627,77
1628,21
1629,32
1630,43
1631,62
1632,62
1633,50
1634,31
1635,63
1636,80
1637,6
1638,89
1639,23
1640,80
1641,58
1642,38
1643,71
1644,81
1645,72
1646,62
1647,58
1648,2
1649,4
1650,15
1651,31
1652,71
1653,55
1654,73
1655,87
1656,3
1657,28
1658,7
1659,72
1660,80
1661,33
1662,40
1663,61
1664,51
1665,69
1666,3
1667,84
1668,69
1669,64
1670,68
1671,2
1672,79
1673,22
1674,8
1675,6
1676,93
1677,63
1678,61
1679,35
1680,64
1681,6
1682,68
1683,76
1684,92
1685,69
1686,78
1687,58
1688,50
1689,90
1690,32
1691,37
1692,35
1693,45
1694,24
1695,35
1696,74
1697,26
1698,50
1699,37
1700,1
1701,69
1702,24
1703,95
1704,0
1705,1
1706,35
1707,89
1708,70
1709,77
1710,84
1711,7
1712,80
1713,24
1714,17
1715,52
1716,64
1717,16
1718,76
1719,56
1720,92
1721,54
1722,61
1723,31
1724,48
1725,88
1726,73
1727,26
1728,60
1729,75
1730,87
1731,56
1732,62
1733,43
1734,71
1735,33
1736,43
1737,59
1738,93
1739,89
1740,72
1741,78
1742,16
1743,26
1744,26
1745,99
1746,65
1747,74
1748,7
1749,61
1750,97
1751,58
1752,3
1753,89
1754,56
1755,21
1756,6
1757,80
1758,54
1759,64
1760,61
1761,61
1762,31
1763,78
1764,31
1765,92
1766,99
1767,99
1768,9
1769,87
1770,71
1771,18
1772,1
1773,88
1774,49
1775,41
1776,65
1777,46
1778,36
1779,90
1780,78
1781,27
1782,80
1783,62
1784,80
1785,73
1786,86
1787,17
1788,97
1789,21
1790,83
1791,8
1792,89
1793,7
1794,11
1795,41
1796,75
1797,70
1798,80
1799,96
1800,16
1801,18
1802,49
1803,86
1804,50
1805,45
1806,65
1807,22
1808,93
1809,0
1810,5
1811,11
1812,13
1813,68
1814,83
1815,1
1816,45
1817,43
1818,52
1819,74
1820,59
1821,13
1822,33
1823,63
1824,58
1825,60
1826,58
1827,8
1828,73
1829,83
1830,30
1831,36
1832,2
1833,61
1834,50
1835,1
1836,93
1837,18
1838,33
1839,51
1840,6
1841,66
1842,85
1843,7
1844,30
1845,57
1846,80
1847,7
1848,30
1849,73
1850,82
1851,11
1852,13
1853,98
1854,88
1855,85
1856,97
1857,66
1858,86
1859,46
1860,36
1861,17
1862,43
1863,42
1864,2
1865,8
1866,8
1867,59
1868,91
1869,20
1870,58
1871,92
1872,4
1873,33
1874,38
1875,6
1876,3
1877,61
1878,80
1879,17
1880,43
1881,89
1882,60
1883,50
1884,19
1885,24
1886,84
1887,5
1888,46
1889,51
1890,54
1891,84
1892,12
1893,69
1894,78
1895,97
1896,14
1897,69
1898,68
1899,97
1900,28
1901,79
1902,33
1903,67
1904,36
1905,59
1906,31
1907,55
1908,60
1909,40
1910,79
1911,7
1912,16
1913,37
1914,21
1915,52
1916,19
1917,90
1918,36
1919,71
1920,87
1921,53
1922,74
1923,77
1924,15
1925,38
1926,63
1927,58
1928,63
1929,97
1930,8
1931,74
1932,63
1933,45
1934,37
1935,86
1936,1
1937,79
1938,41
1939,17
1940,76
1941,66
1942,81
1943,2
1944,3
1945,18
1946,29
1947,83
1948,60
1949,21
1950,60
1951,70
1952,71
1953,80
1954,42
1955,90
1956,16
1957,35
1958,40
1959,3
1960,96
1961,32
1962,23
1963,49
1964,82
1965,94
1966,39
1967,79
1968,87
1969,62
1970,52
1971,17
1972,46
1973,67
1974,43
1975,79
1976,51
1977,49
1978,37
1979,63
1980,62
1981,27
1982,52
1983,97
1984,71
1985,14
1986,90
1987,0
1988,25
1989,49
1990,59
1991,25
1992,2
1993,99
1994,60
1995,3
1996,84
1997,83
1998,17
1999,79
2000,32
2001,65
2002,58
2003,27
2004,2
2005,34
2006,71
2007,78
2008,3
2009,50
2010,20
2011,69
2012,84
2013,98
2014,20
2015,37
2016,73
2017,24
2018,21
2019,65
2020,31
2021,53
2022,61
2023,70
2024,36
2025,34
2026,95
2027,33
2028,16
2029,61
2030,57
2031,13
2032,60
2033,16
2034,64
2035,46
2036,48
2037,21
2038,30
2039,87
2040,18
2041,52
2042,14
2043,10
2044,18
2045,78
2046,49
2047,71
2048,6
2049,46
2050,43
2051,35
2052,45
2053,25
2054,21
2055,1
2056,64
2057,63
2058,13
2059,73
2060,70
2061,27
2062,5
2063,3
2064,21
2065,73
2066,68
2067,24
2068,58
2069,70
2070,37
2071,92
2072,76
2073,5
2074,95
2075,36
2076,95
2077,98
2078,59
2079,80
2080,92
2081,16
2082,49
2083,52
2084,16
2085,76
2086,44
2087,13
2088,44
2089,45
2090,31
2091,9
2092,94
2093,93
2094,92
2095,20
2096,97
2097,52
2098,35
2099,37
2100,38
2101,96
2102,21
2103,58
2104,63
2105,2
2106,29
2107,94
2108,16
2109,86
2110,10
2111,29
2112,12
2113,61
2114,49
2115,25
2116,56
2117,52
2118,56
2119,39
2120,88
2121,98
2122,68
2123,26
2124,65
2125,3
2126,41
2127,73
2128,46
2129,8
2130,66
2131,82
2132,55
2133,52
2134,37
2135,52
2136,28
2137,72
2138,32
2139,96
2140,52
2141,55
2142,8
2143,17
2144,45
2145,94
2146,88
2147,21
2148,70
2149,88
2150,54
2151,87
2152,97
2153,48
2154,88
2155,53
2156,48
2157,63
2158,66
2159,43
2160,1
2161,19
2162,38
2163,41
2164,58
2165,98
2166,75
2167,33
2168,29
2169,76
2170,93
2171,59
2172,58
2173,97
2174,14
2175,63
2176,97
2177,0
2178,32
2179,18
2180,18
2181,22
2182,73
2183,58
2184,97
2185,47
2186,26
2187,35
2188,73
2189,29
2190,68
2191,41
2192,11
2193,72
2194,97
2195,51
2196,81
2197,89
2198,20
2199,21
2200,42
2201,60
2202,73
2203,10
2204,98
2205,62
2206,16
2207,3
2208,98
2209,80
2210,71
2211,89
2212,88
2213,90
2214,84
2215,42
2216,49
2217,63
2218,5
2219,40
2220,37
2221,2
2222,80
2223,84
2224,76
2225,84
2226,64
2227,15
2228,23
2229,1
2230,84
2231,1
2232,41
2233,52
2234,32
2235,34
2236,30
2237,80
2238,84
2239,31
2240,58
2241,7
2242,17
2243,88
2244,66
2245,31
2246,19
2247,14
2248,61
2249,16
2250,45
2251,57
2252,79
2253,59
2254,63
2255,24
2256,94
2257,65
2258,55
2259,91
2260,0
2261,58
2262,28
2263,64
2264,91
2265,32
2266,60
2267,84
2268,15
2269,68
2270,82
2271,39
2272,19
2273,80
2274,44
2275,64
2276,5
2277,6
2278,21
2279,49
2280,60
2281,30
2282,73
2283,57
2284,31
2285,23
2286,9
2287,28
2288,19
2289,30
2290,14
2291,26
2292,19
2293,64
2294,18
2295,62
2296,91
2297,16
2298,35
2299,61
2300,44
2301,82
2302,97
2303,65
2304,86
2305,50
2306,0
2307,96
2308,0
2309,81
2310,99
2311,68
2312,52
2313,38
2314,74
2315,64
2316,34
2317,63
2318,7
2319,19
2320,45
2321,9
2322,96
2323,24
2324,77
2325,4
2326,34
2327,48
2328,32
2329,60
2330,37
2331,45
2332,36
2333,81
2334,24
2335,16
2336,68
2337,86
2338,38
2339,63
2340,21
2341,77
2342,58
2343,91
2344,48
2345,76
2346,10
2347,66
2348,33
2349,77
2350,84
2351,61
2352,63
2353,1
2354,42
2355,68
2356,25
2357,39
2358,35
2359,38
2360,6
2361,80
2362,0
2363,52
2364,94
2365,21
2366,67
2367,80
2368,51
2369,41
2370,50
2371,61
2372,10
2373,69
2374,42
2375,2
2376,56
2377,31
2378,57
2379,35
2380,47
2381,32
2382,86
2383,86
2384,29
2385,91
2386,91
2387,26
2388,27
2389,21
2390,41
2391,37
2392,66
2393,72
2394,14
2395,1
2396,21
2397,29
2398,28
2399,21
2400,81
2401,70
2402,31
2403,62
2404,32
2405,18
2406,13
2407,41
2408,93
2409,88
2410,24
2411,70
2412,45
2413,73
2414,66
2415,75
2416,65
2417,74
2418,13
2419,60
2420,70
2421,41
2422,8
2423,18
2424,11
2425,56
2426,86
2427,3
2428,28
2429,60
2430,63
2431,67
2432,88
2433,93
2434,88
2435,14
2436,52
2437,39
2438,25
2439,0
2440,18
2441,63
2442,89
2443,54
2444,27
2445,71
2446,39
2447,33
2448,36
2449,50
2450,21
2451,72
2452,86
2453,60
2454,35
2455,5
2456,8
2457,49
2458,62
2459,80
2460,18
2461,3
2462,31
2463,41
2464,46
2465,74
2466,43
2467,34
2468,94
2469,17
2470,45
2471,91
2472,49
2473,79
2474,96
2475,51
2476,56
2477,10
2478,37
2479,80
2480,78
2481,8
2482,2
2483,96
2484,89
2485,22
2486,37
2487,3
2488,83
2489,10
2490,28
2491,16
2492,19
2493,63
2494,42
2495,18
2496,28
2497,30
2498,35
2499,78
2500,28
2501,99
2502,5
2503,3
2504,19
2505,81
2506,76
2507,2
2508,70
2509,0
2510,94
2511,70
2512,61
2513,97
2514,24
2515,36
2516,73
2517,94
2518,38
2519,85
2520,2
2521,32
2522,1
2523,11
2524,55
2525,21
2526,49
2527,78
2528,56
2529,88
2530,20
2531,91
2532,7
2533,1
2534,24
2535,36
2536,23
2537,1
2538,23
2539,88
2540,49
2541,35
2542,6
2543,79
2544,60
2545,14
2546,5
2547,73
2548,27
2549,78
2550,9
2551,75
2552,73
2553,80
2554,84
2555,73
2556,52
2557,80
2558,90
2559,62
2560,58
2561,42
2562,62
2563,33
2564,94
2565,64
2566,10
2567,30
2568,42
2569,32
2570,87
2571,17
2572,65
2573,0
2574,70
2575,97
2576,3
2577,79
2578,85
2579,66
2580,48
2581,74
2582,41
2583,25
2584,11
2585,88
2586,71
2587,78
2588,68
2589,60
2590,6
2591,45
2592,64
2593,35
2594,25
2595,10
2596,76
2597,33
2598,46
2599,34
2600,2
2601,80
2602,13
2603,48
2604,63
2605,65
2606,44
2607,41
2608,73
2609,70
2610,83
2611,28
2612,33
2613,41
2614,3
2615,59
2616,79
2617,20
2618,52
2619,82
2620,89
2621,73
2622,1
2623,28
2624,43
2625,21
2626,48
2627,21
2628,42
2629,24
2630,64
2631,35
2632,73
2633,85
2634,69
2635,86
2636,93
2637,59
2638,6
2639,75
2640,45
2641,20
2642,38
2643,58
2644,80
2645,28
2646,98
2647,53
2648,63
2649,81
2650,58
2651,58
2652,92
2653,19
2654,64
2655,35
2656,52
2657,90
2658,14
2659,35
2660,75
2661,45
2662,94
2663,69
2664,63
2665,33
2666,20
2667,78
2668,82
2669,88
2670,27
2671,58
2672,40
2673,41
2674,24
2675,36
2676,12
2677,7
2678,49
2679,78
2680,87
2681,16
2682,23
2683,6
2684,76
2685,76
2686,38
2687,65
2688,56
2689,75
2690,86
2691,25
2692,28
2693,66
2694,2
2695,82
2696,38
2697,6
2698,1
2699,42
2700,32
2701,19
2702,48
2703,52
2704,94
2705,26
2706,10
2707,52
2708,77
2709,28
2710,79
2711,0
2712,73
2713,2
2714,8
2715,97
2716,48
2717,52
2718,91
2719,21
2720,62
2721,41
2722,30
2723,64
2724,79
2725,67
2726,5
2727,3
2728,38
2729,39
2730,94
2731,88
2732,69
2733,15
2734,66
2735,3
2736,63
2737,5
2738,77
2739,69
2740,43
2741,16
2742,24
2743,10
2744,5
2745,91
2746,73
2747,70
2748,90
2749,6
2750,6
2751,51
2752,25
2753,22
2754,42
2755,69
2756,58
2757,32
2758,54
2759,60
2760,68
2761,38
2762,66
2763,4
2764,60
2765,99
2766,38
2767,96
2768,61
2769,53
2770,55
2771,5
2772,88
2773,26
2774,94
2775,6
2776,82
2777,77
2778,31
2779,1
2780,47
2781,29
2782,1
2783,88
2784,63
2785,89
2786,14
2787,55
2788,61
2789,8
2790,34
2791,62
2792,14
2793,80
2794,24
2795,14
2796,56
2797,80
2798,41
2799,96
2800,41
2801,19
2802,73
2803,29
2804,8
2805,74
2806,23
2807,61
2808,27
2809,29
2810,97
2811,21
2812,70
2813,88
2814,91
2815,61
2816,35
2817,93
2818,54
2819,3
2820,42
2821,36
2822,35
2823,6
2824,49
2825,85
2826,71
2827,18
2828,84
2829,92
2830,42
2831,36
2832,70
2833,82
2834,9
2835,14
2836,95
2837,47
2838,37
2839,10
2840,19
2841,62
2842,62
2843,65
2844,80
2845,79
2846,67
2847,56
2848,72
2849,94
2850,48
2851,36
2852,98
2853,70
2854,41
2855,89
2856,77
2857,5
2858,93
2859,21
2860,36
2861,95
2862,24
2863,40
2864,23
2865,68
2866,62
2867,5
2868,89
2869,73
2870,37
2871,37
2872,95
2873,34
2874,99
2875,9
2876,60
2877,12
2878,25
2879,31
2880,56
2881,0
2882,46
2883,97
2884,69
2885,33
2886,21
2887,17
2888,35
2889,8
2890,35
2891,50
2892,99
2893,97
2894,2
2895,96
2896,10
2897,6
2898,0
2899,77
2900,58
2901,53
2902,95
2903,20
2904,56
2905,66
2906,91
2907,78
2908,87
2909,42
2910,41
2911,71
2912,28
2913,91
2914,91
2915,65
2916,68
2917,72
2918,28
2919,50
2920,37
2921,83
2922,13
2923,53
2924,99
2925,10
2926,16
2927,17
2928,6
2929,46
2930,39
2931,48
2932,66
2933,69
2934,81
2935,12
2936,16
2937,17
2938,68
2939,44
2940,43
2941,20
2942,73
2943,63
2944,14
2945,23
2946,61
2947,1
2948,3
2949,45
2950,88
2951,88
2952,22
2953,99
2954,21
2955,68
2956,58
2957,87
2958,88
2959,69
2960,60
2961,92
2962,80
2963,97
2964,9
2965,36
2966,86
2967,47
2968,1
2969,80
2970,80
2971,73
2972,88
2973,2
2974,66
2975,13
2976,99
2977,11
2978,31
2979,49
2980,57
2981,88
2982,61
2983,81
2984,51
2985,63
2986,27
2987,62
2988,91
2989,68
2990,2
2991,53
2992,60
2993,83
2994,81
2995,61
2996,43
2997,55
2998,21
2999,4
3000,43
3001,52
3002,52
3003,55
3004,96
3005,59
3006,65
3007,73
3008,10
3009,26
3010,8
3011,58
3012,69
3013,73
3014,31
3015,7
3016,10
3017,93
3018,52
3019,86
3020,90
3021,45
3022,70
3023,47
3024,17
3025,63
3026,47
3027,7
3028,49
3029,87
3030,77
3031,77
3032,45
3033,30
3034,6
3035,76
3036,75
3037,78
3038,20
3039,61
3040,29
3041,48
3042,70
3043,21
3044,71
3045,35
3046,35
3047,56
3048,53
3049,5
3050,35
3051,48
3052,29
3053,35
3054,68
3055,71
3056,0
3057,2
3058,58
3059,30
3060,57
3061,52
3062,19
3063,52
3064,84
3065,42
3066,13
3067,79
3068,20
3069,20
3070,71
3071,94
3072,73
3073,19
3074,32
3075,71
3076,94
3077,58
3078,80
3079,30
3080,50
3081,17
3082,8
3083,42
3084,47
3085,71
3086,69
3087,24
3088,22
3089,95
3090,21
3091,49
3092,78
3093,28
3094,2
3095,56
3096,64
3097,43
3098,44
3099,87
3100,94
3101,32
3102,60
3103,54
3104,67
3105,14
3106,8
3107,24
3108,44
3109,87
3110,70
3111,52
3112,32
3113,32
3114,37
3115,73
3116,73
3117,63
3118,85
3119,81
3120,1
3121,13
3122,60
3123,52
3124,0
3125,35
3126,79
3127,29
3128,51
3129,71
3130,53
3131,94
3132,67
3133,46
3134,81
3135,96
3136,88
3137,33
3138,23
3139,85
3140,56
3141,10
3142,7
3143,49
3144,41
3145,88
3146,65
3147,88
3148,8
3149,63
3150,95
3151,5
3152,64
3153,42
3154,60
3155,86
3156,71
3157,8
3158,32
3159,23
3160,40
3161,64
3162,18
3163,81
3164,76
3165,68
3166,1
3167,84
3168,85
3169,11
3170,72
3171,24
3172,14
3173,49
3174,50
3175,80
3176,7
3177,84
3178,31
3179,10
3180,93
3181,74
3182,50
3183,86
3184,79
3185,39
3186,93
3187,82
3188,63
3189,77
3190,63
3191,79
3192,87
3193,97
3194,14
3195,53
3196,21
3197,58
3198,44
3199,54
3200,46
3201,28
3202,99
3203,69
3204,1
3205,91
3206,56
3207,43
3208,26
3209,12
3210,52
3211,95
3212,33
3213,70
3214,71
3215,40
3216,54
3217,63
3218,15
3219,71
3220,3
3221,71
3222,4
3223,41
3224,0
3225,88
3226,33
3227,93
3228,37
3229,15
3230,64
3231,24
3232,25
3233,98
3234,48
3235,14
3236,39
3237,24
3238,41
3239,6
3240,32
3241,72
3242,20
3243,32
3244,75
3245,63
3246,73
3247,98
3248,22
3249,88
3250,68
3251,36
3252,3
3253,96
3254,97
3255,67
3256,68
3257,49
3258,31
3259,8
3260,61
3261,21
3262,62
3263,73
3264,31
3265,93
3266,25
3267,81
3268,57
3269,8
3270,24
3271,1
3272,42
3273,54
3274,25
3275,35
3276,1
3277,27
3278,17
3279,32
3280,56
3281,22
3282,60
3283,36
3284,81
3285,61
3286,68
3287,48
3288,56
3289,14
3290,31
3291,24
3292,70
3293,63
3294,90
3295,6
3296,80
3297,91
3298,28
3299,15
3300,37
3301,39
3302,72
3303,51
3304,7
3305,0
3306,76
3307,8
3308,76
3309,63
3310,40
3311,25
3312,38
3313,18
3314,10
3315,93
3316,93
3317,92
3318,12
3319,31
3320,59
3321,30
3322,96
3323,1
3324,26
3325,6
3326,4
3327,20
3328,27
3329,56
3330,79
3331,36
3332,88
3333,7
3334,58
3335,54
3336,4
3337,2
3338,17
3339,65
3340,6
3341,24
3342,17
3343,20
3344,91
3345,78
3346,1
3347,72
3348,77
3349,36
3350,63
3351,33
3352,36
3353,95
3354,80
3355,80
3356,67
3357,75
3358,31
3359,76
3360,91
3361,33
3362,75
3363,69
3364,2
3365,59
3366,5
3367,99
3368,98
3369,14
3370,89
3371,90
3372,11
3373,49
3374,28
3375,65
3376,78
3377,74
3378,94
3379,64
3380,51
3381,0
3382,11
3383,93
3384,69
3385,0
3386,86
3387,12
3388,60
3389,79
3390,46
3391,51
3392,14
3393,2
3394,15
3395,78
3396,91
3397,11
3398,60
3399,30
3400,87
3401,4
3402,78
3403,3
3404,45
3405,6
3406,51
3407,61
3408,33
3409,76
3410,56
3411,62
3412,53
3413,78
3414,35
3415,51
3416,64
3417,32
3418,52
3419,7
3420,28
3421,11
3422,63
3423,72
3424,35
3425,83
3426,49
3427,89
3428,55
3429,9
3430,10
3431,87
3432,37
3433,46
3434,51
3435,58
3436,31
3437,5
3438,80
3439,42
3440,75
3441,32
3442,10
3443,70
3444,62
3445,25
3446,80
3447,21
3448,1
3449,87
3450,21
3451,17
3452,59
3453,2
3454,26
3455,19
3456,61
3457,18
3458,23
3459,62
3460,65
3461,13
3462,6
3463,41
3464,18
3465,51
3466,49
3467,9
3468,3
3469,47
3470,3
3471,66
3472,55
3473,93
3474,2
3475,77
3476,54
3477,36
3478,48
3479,4
3480,56
3481,96
3482,53
3483,51
3484,36
3485,19
3486,38
3487,10
3488,25
3489,84
3490,76
3491,78
3492,26
3493,12
3494,71
3495,17
3496,61
3497,0
3498,25
3499,98
3500,92
3501,3
3502,47
3503,80
3504,65
3505,27
3506,54
3507,64
3508,24
3509,73
3510,17
3511,99
3512,92
3513,80
3514,77
3515,47
3516,58
3517,88
3518,79
3519,94
3520,85
3521,39
3522,72
3523,50
3524,50
3525,63
3526,45
3527,85
3528,24
3529,80
3530,61
3531,42
3532,84
3533,38
3534,77
3535,43
3536,40
3537,86
3538,39
3539,39
3540,41
3541,70
3542,30
3543,76
3544,87
3545,18
3546,18
3547,76
3548,15
3549,40
3550,78
3551,89
3552,36
3553,60
3554,62
3555,78
3556,29
3557,13
3558,69
3559,49
3560,50
3561,58
3562,7
3563,21
3564,47
3565,36
3566,25
3567,17
3568,60
3569,51
3570,78
3571,94
3572,6
3573,2
3574,99
3575,69
3576,94
3577,95
3578,31
3579,10
3580,94
3581,61
3582,52
3583,82
3584,85
3585,3
3586,90
3587,66
3588,64
3589,31
3590,5
3591,11
3592,16
3593,3
3594,47
3595,61
3596,73
3597,7
3598,72
3599,21
3600,95
3601,73
3602,52
3603,41
3604,40
3605,61
3606,56
3607,99
3608,79
3609,78
3610,73
3611,83
3612,32
3613,73
3614,98
3615,96
3616,6
3617,77
3618,80
3619,43
3620,8
3621,86
3622,53
3623,79
3624,21
3625,46
3626,95
3627,63
3628,2
3629,49
3630,24
3631,36
3632,0
3633,19
3634,10
3635,46
3636,0
3637,37
3638,70
3639,67
3640,27
3641,24
3642,4
3643,40
3644,66
3645,15
3646,82
3647,36
3648,52
3649,52
3650,56
3651,43
3652,39
3653,22
3654,58
3655,49
3656,7
3657,27
3658,82
3659,52
3660,77
3661,90
3662,33
3663,13
3664,9
3665,41
3666,16
3667,17
3668,8
3669,36
3670,8
3671,19
3672,61
3673,55
3674,78
3675,39
3676,28
3677,79
3678,85
3679,64
3680,58
3681,14
3682,24
3683,81
3684,52
3685,31
3686,44
3687,81
3688,5
3689,41
3690,65
3691,19
3692,99
3693,3
3694,44
3695,24
3696,41
3697,6
3698,59
3699,79
3700,21
3701,33
3702,41
3703,53
3704,14
3705,31
3706,64
3707,36
3708,47
3709,64
3710,79
3711,52
3712,62
3713,74
3714,36
3715,37
3716,90
3717,71
3718,5
3719,95
3720,31
3721,44
3722,93
3723,40
3724,31
3725,12
3726,17
3727,31
3728,10
3729,32
3730,75
3731,3
3732,36
3733,3
3734,95
3735,31
3736,17
3737,63
3738,38
3739,5
3740,61
3741,11
3742,91
3743,65
3744,31
3745,62
3746,74
3747,39
3748,57
3749,2
3750,80
3751,7
3752,5
3753,16
3754,24
3755,32
3756,2
3757,66
3758,55
3759,46
3760,34
3761,70
3762,93
3763,27
3764,51
3765,81
3766,70
3767,2
3768,27
3769,84
3770,57
3771,30
3772,51
3773,77
3774,85
3775,73
3776,61
3777,75
3778,33
3779,63
3780,71
3781,31
3782,91
3783,61
3784,60
3785,42
3786,4
3787,35
3788,10
3789,14
3790,57
3791,13
3792,28
3793,35
3794,3
3795,59
3796,42
3797,0
3798,3
3799,83
3800,57
3801,63
3802,90
3803,60
3804,20
3805,41
3806,7
3807,0
3808,18
3809,84
3810,94
3811,42
3812,66
3813,43
3814,31
3815,17
3816,33
3817,16
3818,90
3819,4
3820,56
3821,32
3822,51
3823,42
3824,49
3825,31
3826,86
3827,26
3828,27
3829,63
3830,37
3831,18
3832,54
3833,24
3834,63
3835,54
3836,89
3837,43
3838,95
3839,45
3840,72
3841,26
3842,21
3843,29
3844,19
3845,77
3846,18
3847,91
3848,84
3849,2
3850,97
3851,1
3852,23
3853,86
3854,84
3855,10
3856,36
3857,53
3858,76
3859,58
3860,1
3861,11
3862,35
3863,54
3864,80
3865,31
3866,97
3867,57
3868,48
3869,44
3870,57
3871,41
3872,68
3873,8
3874,71
3875,8
3876,44
3877,7
3878,94
3879,90
3880,84
3881,89
3882,10
3883,43
3884,49
3885,94
3886,86
3887,16
3888,39
3889,68
3890,81
3891,63
3892,44
3893,16
3894,60
3895,33
3896,17
3897,74
3898,93
3899,55
3900,34
3901,66
3902,83
3903,17
3904,54
3905,97
3906,76
3907,11
3908,88
3909,50
3910,59
3911,47
3912,1
3913,25
3914,78
3915,20
3916,5
3917,61
3918,97
3919,18
3920,9
3921,46
3922,54
3923,29
3924,14
3925,38
3926,34
3927,17
3928,27
3929,39
3930,50
3931,87
3932,17
3933,35
3934,41
3935,21
3936,89
3937,62
3938,19
3939,2
3940,58
3941,90
3942,33
3943,91
3944,68
3945,92
3946,14
3947,78
3948,99
3949,32
3950,4
3951,84
3952,88
3953,91
3954,58
3955,55
3956,56
3957,60
3958,51
3959,88
3960,23
3961,78
3962,24
3963,72
3964,19
3965,24
3966,62
3967,42
3968,29
3969,99
3970,44
3971,35
3972,54
3973,67
3974,65
3975,93
3976,45
3977,60
3978,75
3979,98
3980,30
3981,84
3982,17
3983,63
3984,9
3985,59
3986,59
3987,86
3988,45
3989,59
3990,96
3991,49
3992,22
3993,93
3994,84
3995,38
3996,50
3997,38
3998,80
3999,70
4000,65
4001,52
4002,20
4003,87
4004,35
4005,73
4006,12
4007,20
4008,10
4009,89
4010,99
4011,70
4012,7
4013,0
4014,43
4015,88
4016,79
4017,15
4018,86
4019,3
4020,60
4021,10
4022,59
4023,6
4024,63
4025,88
4026,35
4027,50
4028,23
4029,49
4030,49
4031,49
4032,76
4033,39
4034,90
4035,91
4036,4
4037,50
4038,25
4039,75
4040,50
4041,71
4042,10
4043,20
4044,75
4045,19
4046,7
4047,31
4048,75
4049,54
4050,20
4051,92
4052,15
4053,97
4054,35
4055,35
4056,87
4057,76
4058,62
4059,14
4060,41
4061,61
4062,77
4063,17
4064,58
4065,23
4066,22
4067,84
4068,54
4069,36
4070,11
4071,43
4072,85
4073,74
4074,80
4075,9
4076,92
4077,13
4078,69
4079,8
4080,48
4081,60
4082,43
4083,62
4084,4
4085,33
4086,90
4087,69
4088,4
4089,63
4090,33
4091,0
4092,62
4093,74
4094,48
4095,20
4096,3
4097,36
4098,34
4099,55
4100,59
4101,60
4102,33
4103,56
4104,22
4105,54
4106,1
4107,70
4108,0
4109,35
4110,30
4111,4
4112,77
4113,89
4114,68
4115,20
4116,1
4117,59
4118,87
4119,30
4120,3
4121,55
4122,40
4123,1
4124,30
4125,9
4126,65
4127,70
4128,2
4129,10
4130,79
4131,59
4132,25
4133,2
4134,79
4135,96
4136,32
4137,61
4138,73
4139,3
4140,61
4141,39
4142,2
4143,97
4144,13
4145,81
4146,17
4147,13
4148,41
4149,33
4150,37
4151,63
4152,40
4153,21
4154,99
4155,64
4156,89
4157,73
4158,80
4159,84
4160,1
4161,1
4162,17
4163,47
4164,37
4165,83
4166,10
4167,80
4168,30
4169,95
4170,58
4171,31
4172,95
4173,77
4174,54
4175,78
4176,45
4177,79
4178,32
4179,64
4180,31
4181,89
4182,56
4183,86
4184,62
4185,42
4186,15
4187,81
4188,91
4189,13
4190,64
4191,43
4192,54
4193,23
4194,50
4195,74
4196,2
4197,62
4198,9
4199,7
4200,73
4201,42
4202,79
4203,1
4204,25
4205,70
4206,86
4207,8
4208,82
4209,31
4210,13
4211,87
4212,54
4213,56
4214,71
4215,22
4216,9
4217,33
4218,61
4219,85
4220,53
4221,77
4222,99
4223,8
4224,31
4225,48
4226,31
4227,53
4228,90
4229,6
4230,23
4231,56
4232,24
4233,88
4234,67
4235,47
4236,73
4237,74
4238,43
4239,34
4240,69
4241,60
4242,6
4243,66
4244,2
4245,93
4246,48
4247,6
4248,74
4249,52
4250,21
4251,82
4252,63
4253,91
4254,73
4255,30
4256,14
4257,3
4258,4
4259,79
4260,78
4261,52
4262,42
4263,2
4264,78
4265,93
4266,25
4267,53
4268,64
4269,8
4270,66
4271,17
4272,58
4273,24
4274,3
4275,20
4276,65
4277,31
4278,50
4279,66
4280,35
4281,39
4282,35
4283,50
4284,31
4285,70
4286,86
4287,39
4288,21
4289,29
4290,75
4291,63
4292,52
4293,65
4294,13
4295,12
4296,89
4297,89
4298,27
4299,37
4300,50
4301,54
4302,61
4303,51
4304,49
4305,26
4306,42
4307,27
4308,55
4309,64
4310,43
4311,70
4312,1
4313,70
4314,68
4315,63
4316,60
4317,44
4318,37
4319,46
4320,56
4321,74
4322,81
4323,88
4324,23
4325,53
4326,64
4327,48
4328,23
4329,49
4330,73
4331,21
4332,79
4333,66
4334,17
4335,90
4336,35
4337,5
4338,17
4339,1
4340,79
4341,73
4342,72
4343,88
4344,70
4345,80
4346,79
4347,8
4348,80
4349,65
4350,46
4351,86
4352,8
4353,95
4354,32
4355,49
4356,53
4357,64
4358,82
4359,56
4360,52
4361,52
4362,52
4363,35
4364,78
4365,41
4366,9
4367,85
4368,89
4369,61
4370,77
4371,86
4372,78
4373,71
4374,26
4375,64
4376,94
4377,51
4378,79
4379,96
4380,61
4381,13
4382,56
4383,54
4384,42
4385,58
4386,81
4387,10
4388,88
4389,15
4390,18
4391,39
4392,55
4393,88
4394,96
4395,13
4396,65
4397,50
4398,99
4399,70
4400,61
4401,88
4402,35
4403,6
4404,19
4405,18
4406,21
4407,18
4408,88
4409,45
4410,16
4411,65
4412,18
4413,4
4414,82
4415,37
4416,8
4417,35
4418,6
4419,10
4420,49
4421,23
4422,41
4423,4
4424,85
4425,60
4426,91
4427,65
4428,13
4429,43
4430,47
4431,63
4432,43
4433,20
4434,29
4435,72
4436,49
4437,76
4438,54
4439,19
4440,29
4441,43
4442,62
4443,36
4444,43
4445,16
4446,61
4447,93
4448,55
4449,61
4450,90
4451,58
4452,8
4453,7
4454,60
4455,31
4456,65
4457,79
4458,91
4459,28
4460,6
4461,8
4462,49
4463,54
4464,1
4465,21
4466,36
4467,11
4468,13
4469,72
4470,95
4471,85
4472,73
4473,81
4474,5
4475,88
4476,82
4477,82
4478,6
4479,27
4480,49
4481,27
4482,75
4483,59
4484,67
4485,37
4486,5
4487,65
4488,40
4489,6
4490,61
4491,76
4492,60
4493,20
4494,4
4495,89
4496,52
4497,88
4498,74
4499,90
4500,46
4501,88
4502,73
4503,80
4504,38
4505,94
4506,75
4507,68
4508,29
4509,53
4510,79
4511,86
4512,66
4513,55
4514,83
4515,81
4516,88
4517,87
4518,54
4519,46
4520,97
4521,85
4522,74
4523,1
4524,58
4525,10
4526,89
4527,1
4528,6
4529,78
4530,91
4531,48
4532,60
4533,61
4534,42
4535,26
4536,47
4537,2
4538,64
4539,21
4540,63
4541,81
4542,14
4543,55
4544,62
4545,72
4546,81
4547,71
4548,7
4549,91
4550,70
4551,0
4552,87
4553,81
4554,11
4555,97
4556,29
4557,52
4558,34
4559,0
4560,64
4561,6
4562,17
4563,90
4564,65
4565,49
4566,81
4567,1
4568,93
4569,96
4570,78
4571,64
4572,16
4573,73
4574,31
4575,6
4576,33
4577,59
4578,82
4579,24
4580,56
4581,17
4582,69
4583,9
4584,45
4585,74
4586,65
4587,35
4588,2
4589,96
4590,73
4591,13
4592,8
4593,16
4594,37
4595,78
4596,33
4597,53
4598,99
4599,24
4600,21
4601,59
4602,58
4603,26
4604,69
4605,48
4606,18
4607,61
4608,66
4609,66
4610,53
4611,94
4612,24
4613,19
4614,92
4615,96
4616,39
4617,64
4618,58
4619,82
4620,83
4621,66
4622,88
4623,6
4624,14
4625,71
4626,73
4627,52
4628,68
4629,80
4630,19
4631,26
4632,6
4633,83
4634,57
4635,53
4636,29
4637,5
4638,11
4639,71
4640,25
4641,45
4642,54
4643,63
4644,25
4645,70
4646,48
4647,48
4648,2
4649,65
4650,13
4651,63
4652,87
4653,6
4654,38
4655,45
4656,46
4657,2
4658,92
4659,54
4660,88
4661,75
4662,76
4663,14
4664,36
4665,49
4666,85
4667,62
4668,93
4669,96
4670,46
4671,17
4672,53
4673,92
4674,33
4675,14
4676,3
4677,80
4678,33
4679,23
4680,85
4681,89
4682,33
4683,18
4684,67
4685,43
4686,62
4687,88
4688,91
4689,71
4690,41
4691,31
4692,60
4693,78
4694,47
4695,61
4696,11
4697,35
4698,82
4699,83
4700,87
4701,99
4702,60
4703,34
4704,47
4705,2
4706,18
4707,11
4708,71
4709,20
4710,74
4711,97
4712,46
4713,71
4714,6
4715,61
4716,24
4717,34
4718,55
4719,92
4720,76
4721,93
4722,90
4723,17
4724,91
4725,76
4726,94
4727,10
4728,80
4729,91
4730,41
4731,55
4732,16
4733,57
4734,63
4735,12
4736,16
4737,26
4738,63
4739,94
4740,13
4741,97
4742,36
4743,89
4744,2
4745,2
4746,50
4747,54
4748,96
4749,47
4750,31
4751,98
4752,67
4753,9
4754,98
4755,71
4756,14
4757,41
4758,58
4759,54
4760,68
4761,12
4762,73
4763,51
4764,95
4765,13
4766,35
4767,96
4768,20
4769,8
4770,6
4771,76
4772,63
4773,94
4774,4
4775,14
4776,75
4777,9
4778,4
4779,16
4780,96
4781,8
4782,49
4783,97
4784,79
4785,11
4786,53
4787,88
4788,36
4789,72
4790,42
4791,27
4792,28
4793,59
4794,54
4795,26
4796,96
4797,93
4798,17
4799,73
4800,27
4801,99
4802,30
4803,87
4804,34
4805,16
4806,27
4807,51
4808,83
4809,22
4810,25
4811,5
4812,21
4813,41
4814,53
4815,52
4816,18
4817,34
4818,16
4819,98
4820,47
4821,63
4822,75
4823,65
4824,3
4825,83
4826,39
4827,60
4828,59
4829,9
4830,94
4831,86
4832,73
4833,20
4834,45
4835,63
4836,13
4837,2
4838,41
4839,75
4840,65
4841,82
4842,23
4843,41
4844,88
4845,38
4846,28
4847,37
4848,28
4849,54
4850,53
4851,61
4852,36
4853,76
4854,1
4855,23
4856,97
4857,61
4858,88
4859,70
4860,10
4861,78
4862,77
4863,77
4864,84
4865,53
4866,80
4867,92
4868,66
4869,75
4870,31
4871,64
4872,68
4873,48
4874,54
4875,46
4876,63
4877,35
4878,2
4879,40
4880,0
4881,92
4882,36
4883,99
4884,80
4885,92
4886,14
4887,65
4888,75
4889,0
4890,79
4891,39
4892,48
4893,94
4894,79
4895,42
4896,43
4897,26
4898,89
4899,90
4900,36
4901,9
4902,67
4903,59
4904,54
4905,93
4906,39
4907,92
4908,85
4909,54
4910,97
4911,1
4912,10
4913,7
4914,73
4915,39
4916,16
4917,9
4918,61
4919,78
4920,54
4921,35
4922,84
4923,71
4924,49
4925,42
4926,62
4927,5
4928,16
4929,54
4930,49
4931,71
4932,25
4933,11
4934,83
4935,55
4936,96
4937,26
4938,17
4939,86
4940,62
4941,89
4942,33
4943,3
4944,46
4945,32
4946,21
4947,89
4948,21
4949,75
4950,88
4951,95
4952,21
4953,87
4954,24
4955,5
4956,39
4957,57
4958,7
4959,75
4960,61
4961,24
4962,51
4963,8
4964,27
4965,51
4966,48
4967,27
4968,68
4969,27
4970,93
4971,17
4972,4
4973,93
4974,91
4975,30
4976,77
4977,6
4978,6
4979,72
4980,26
4981,8
4982,58
4983,47
4984,65
4985,31
4986,70
4987,37
4988,39
4989,78
4990,15
4991,0
4992,27
4993,22
4994,23
4995,15
4996,21
4997,62
4998,76
4999,23
5000,58
5001,84
5002,46
5003,84
5004,66
5005,87
5006,94
5007,38
5008,6
5009,51
5010,88
5011,91
5012,35
5013,31
5014,58
5015,96
5016,64
5017,56
5018,27
5019,44
5020,62
5021,77
5022,67
5023,34
5024,73
5025,21
5026,10
5027,58
5028,35
5029,88
5030,73
5031,36
5032,67
5033,55
5034,21
5035,10
5036,62
5037,65
5038,28
5039,18
5040,33
5041,58
5042,77
5043,80
5044,24
5045,79
5046,84
5047,10
5048,35
5049,6
5050,43
5051,34
5052,90
5053,5
5054,74
5055,62
5056,58
5057,10
5058,57
5059,70
5060,99
5061,2
5062,78
5063,50
5064,64
5065,60
5066,0
5067,70
5068,30
5069,32
5070,90
5071,32
5072,4
5073,45
5074,87
5075,12
5076,74
5077,45
5078,18
5079,73
5080,32
5081,42
5082,60
5083,86
5084,22
5085,34
5086,84
5087,88
5088,44
5089,0
5090,22
5091,3
5092,69
5093,45
5094,90
5095,32
5096,13
5097,88
5098,53
5099,89
5100,53
5101,38
5102,63
5103,65
5104,99
5105,63
5106,82
5107,94
5108,78
5109,82
5110,13
5111,13
5112,63
5113,82
5114,50
5115,88
5116,79
5117,38
5118,82
5119,96
5120,71
5121,87
5122,90
5123,45
5124,17
5125,25
5126,73
5127,66
5128,31
5129,30
5130,34
5131,53
5132,9
5133,18
5134,58
5135,50
5136,78
5137,80
5138,92
5139,66
5140,16
5141,13
5142,62
5143,97
5144,28
5145,19
5146,49
5147,3
5148,44
5149,56
5150,51
5151,93
5152,43
5153,58
5154,55
5155,9
5156,48
5157,53
5158,93
5159,66
5160,9
5161,32
5162,35
5163,45
5164,97
5165,88
5166,45
5167,45
5168,10
5169,40
5170,96
5171,32
5172,86
5173,32
5174,92
5175,49
5176,36
5177,36
5178,3
5179,26
5180,28
5181,73
5182,18
5183,49
5184,18
5185,35
5186,53
5187,28
5188,21
5189,68
5190,20
5191,59
5192,88
5193,39
5194,38
5195,38
5196,93
5197,32
5198,99
5199,62
5200,75
5201,1
5202,96
5203,60
5204,79
5205,49
5206,52
5207,58
5208,23
5209,97
5210,78
5211,10
5212,24
5213,0
5214,65
5215,47
5216,52
5217,35
5218,32
5219,3
5220,73
5221,23
5222,71
5223,32
5224,99
5225,5
5226,33
5227,17
5228,71
5229,28
5230,73
5231,27
5232,45
5233,71
5234,39
5235,21
5236,48
5237,81
5238,28
5239,3
5240,1
5241,95
5242,35
5243,80
5244,46
5245,91
5246,25
5247,50
5248,64
5249,32
5250,68
5251,24
5252,34
5253,12
5254,52
5255,38
5256,32
5257,6
5258,70
5259,43
5260,73
5261,50
5262,71
5263,36
5264,54
5265,49
5266,68
5267,68
5268,99
5269,90
5270,86
5271,38
5272,52
5273,68
5274,58
5275,34
5276,56
5277,96
5278,6
5279,74
5280,76
5281,53
5282,8
5283,89
5284,10
5285,8
5286,85
5287,45
5288,36
5289,4
5290,90
5291,23
5292,62
5293,16
5294,14
5295,13
5296,75
5297,33
5298,35
5299,0
5300,78
5301,23
5302,9
5303,35
5304,41
5305,32
5306,42
5307,52
5308,54
5309,64
5310,49
5311,79
5312,27
5313,92
5314,64
5315,81
5316,34
5317,24
5318,79
5319,14
5320,75
5321,37
5322,10
5323,90
5324,52
5325,84
5326,45
5327,46
5328,48
5329,58
5330,91
5331,38
5332,84
5333,61
5334,66
5335,20
5336,19
5337,58
5338,71
5339,71
5340,87
5341,38
5342,8
5343,88
5344,42
5345,5
5346,93
5347,71
5348,0
5349,87
5350,54
5351,47
5352,31
5353,69
5354,9
5355,70
5356,37
5357,35
5358,21
5359,71
5360,17
5361,35
5362,18
5363,1
5364,78
5365,16
5366,42
5367,88
5368,13
5369,84
5370,87
5371,88
5372,55
5373,86
5374,83
5375,57
5376,8
5377,9
5378,29
5379,25
5380,8
5381,32
5382,61
5383,28
5384,4
5385,78
5386,42
5387,17
5388,78
5389,65
5390,21
5391,46
5392,25
5393,58
5394,17
5395,36
5396,71
5397,17
5398,35
5399,52
5400,78
5401,26
5402,48
5403,78
5404,73
5405,2
5406,51
5407,32
5408,38
5409,12
5410,77
5411,66
5412,64
5413,11
5414,89
5415,74
5416,29
5417,9
5418,3
5419,31
5420,23
5421,72
5422,13
5423,48
5424,2
5425,2
5426,89
5427,90
5428,96
5429,61
5430,49
5431,44
5432,30
5433,2
5434,19
5435,73
5436,76
5437,36
5438,80
5439,20
5440,43
5441,82
5442,60
5443,1
5444,75
5445,89
5446,19
5447,99
5448,31
5449,2
5450,60
5451,96
5452,76
5453,4
5454,30
5455,95
5456,46
5457,42
5458,63
5459,62
5460,58
5461,52
5462,89
5463,34
5464,78
5465,46
5466,66
5467,70
5468,85
5469,23
5470,16
5471,9
5472,66
5473,90
5474,71
5475,87
5476,41
5477,93
5478,48
5479,36
5480,93
5481,77
5482,14
5483,2
5484,80
5485,73
5486,16
5487,14
5488,5
5489,95
5490,36
5491,70
5492,14
5493,63
5494,6
5495,35
5496,12
5497,3
5498,14
5499,33
5500,3
5501,58
5502,76
5503,23
5504,78
5505,64
5506,89
5507,36
5508,76
5509,6
5510,41
5511,10
5512,88
5513,37
5514,80
5515,37
5516,80
5517,73
5518,16
5519,54
5520,1
5521,87
5522,48
5523,59
5524,2
5525,14
5526,10
5527,11
5528,38
5529,81
5530,86
5531,36
5532,27
5533,78
5534,97
5535,62
5536,46
5537,4
5538,70
5539,10
5540,62
5541,93
5542,13
5543,41
5544,62
5545,1
5546,9
5547,81
5548,83
5549,38
5550,32
5551,36
5552,75
5553,45
5554,83
5555,50
5556,21
5557,38
5558,30
5559,56
5560,87
5561,89
5562,8
5563,58
5564,86
5565,35
5566,97
5567,95
5568,6
5569,25
5570,18
5571,85
5572,77
5573,31
5574,14
5575,48
5576,61
5577,71
5578,48
5579,94
5580,73
5581,81
5582,75
5583,81
5584,78
5585,87
5586,31
5587,8
5588,50
5589,44
5590,17
5591,47
5592,89
5593,96
5594,88
5595,85
5596,61
5597,5
5598,37
5599,66
5600,87
5601,54
5602,8
5603,0
5604,13
5605,21
5606,43
5607,76
5608,39
5609,44
5610,80
5611,73
5612,0
5613,71
5614,63
5615,33
5616,23
5617,78
5618,8
5619,9
5620,21
5621,5
5622,99
5623,60
5624,85
5625,44
5626,70
5627,55
5628,67
5629,21
5630,71
5631,1
5632,74
5633,26
5634,64
5635,68
5636,62
5637,49
5638,88
5639,69
5640,58
5641,74
5642,35
5643,37
5644,19
5645,14
5646,50
5647,93
5648,50
5649,68
5650,13
5651,65
5652,4
5653,42
5654,32
5655,91
5656,67
5657,17
5658,32
5659,55
5660,52
5661,8
5662,94
5663,45
5664,29
5665,90
5666,1
5667,41
5668,84
5669,10
5670,84
5671,21
5672,62
5673,47
5674,2
5675,39
5676,89
5677,28
5678,42
5679,69
5680,58
5681,67
5682,15
5683,18
5684,66
5685,97
5686,11
5687,81
5688,72
5689,54
5690,84
5691,52
5692,30
5693,68
5694,39
5695,38
5696,74
5697,20
5698,61
5699,33
5700,85
5701,75
5702,83
5703,17
5704,30
5705,35
5706,3
5707,71
5708,60
5709,14
5710,77
5711,16
5712,47
5713,16
5714,8
5715,35
5716,68
5717,45
5718,37
5719,23
5720,14
5721,44
5722,7
5723,4
5724,23
5725,73
5726,71
5727,60
5728,52
5729,76
5730,48
5731,30
5732,78
5733,23
5734,1
5735,60
5736,31
5737,65
5738,36
5739,52
5740,90
5741,66
5742,66
5743,95
5744,13
5745,34
5746,77
5747,19
5748,3
5749,94
5750,94
5751,30
5752,46
5753,71
5754,60
5755,48
5756,36
5757,48
5758,18
5759,34
5760,93
5761,79
5762,81
5763,49
5764,71
5765,34
5766,9
5767,49
5768,0
5769,37
5770,32
5771,2
5772,8
5773,75
5774,64
5775,68
5776,50
5777,23
5778,76
5779,75
5780,61
5781,74
5782,63
5783,64
5784,68
5785,69
5786,47
5787,45
5788,81
5789,55
5790,97
5791,3
5792,94
5793,6
5794,79
5795,93
5796,17
5797,99
5798,2
5799,35
5800,0
5801,6
5802,94
5803,52
5804,38
5805,45
5806,45
5807,4
5808,21
5809,2
5810,62
5811,7
5812,50
5813,21
5814,76
5815,35
5816,32
5817,97
5818,39
5819,73
5820,24
5821,38
5822,91
5823,81
5824,0
5825,3
5826,80
5827,77
5828,7
5829,54
5830,21
5831,87
5832,0
5833,95
5834,97
5835,97
5836,33
5837,55
5838,88
5839,93
5840,51
5841,63
5842,89
5843,2
5844,63
5845,40
5846,10
5847,42
5848,33
5849,60
5850,32
5851,66
5852,2
5853,61
5854,73
5855,35
5856,64
5857,73
5858,72
5859,19
5860,73
5861,72
5862,30
5863,80
5864,95
5865,4
5866,86
5867,61
5868,53
5869,28
5870,41
5871,39
5872,92
5873,60
5874,88
5875,31
5876,34
5877,62
5878,83
5879,52
5880,94
5881,14
5882,43
5883,66
5884,59
5885,15
5886,63
5887,43
5888,39
5889,83
5890,39
5891,28
5892,80
5893,91
5894,16
5895,22
5896,47
5897,52
5898,14
5899,97
5900,34
5901,84
5902,42
5903,37
5904,40
5905,65
5906,7
5907,95
5908,0
5909,32
5910,11
5911,1
5912,65
5913,33
5914,85
5915,46
5916,59
5917,3
5918,73
5919,41
5920,75
5921,53
5922,10
5923,93
5924,38
5925,63
5926,78
5927,70
5928,11
5929,50
5930,10
5931,86
5932,75
5933,35
5934,6
5935,99
5936,66
5937,21
5938,32
5939,32
5940,49
5941,23
5942,71
5943,68
5944,25
5945,88
5946,95
5947,34
5948,10
5949,27
5950,73
5951,39
5952,89
5953,52
5954,79
5955,8
5956,19
5957,56
5958,74
5959,52
5960,69
5961,16
5962,93
5963,48
5964,58
5965,16
5966,69
5967,71
5968,6
5969,11
5970,38
5971,92
5972,24
5973,81
5974,75
5975,46
5976,42
5977,76
5978,45
5979,68
5980,65
5981,3
5982,43
5983,11
5984,81
5985,28
5986,34
5987,84
5988,46
5989,22
5990,24
5991,33
5992,49
5993,91
5994,50
5995,55
5996,68
5997,92
5998,47
5999,1
6000,94
6001,31
6002,18
6003,1
6004,26
6005,16
6006,89
6007,38
6008,23
6009,50
6010,19
6011,54
6012,67
6013,47
6014,60
6015,53
6016,44
6017,53
6018,38
6019,62
6020,1
6021,14
6022,4
6023,94
6024,32
6025,76
6026,90
6027,56
6028,28
6029,55
6030,27
6031,70
6032,68
6033,8
6034,80
6035,48
6036,43
6037,47
6038,86
6039,2
6040,33
6041,13
6042,22
6043,71
6044,63
6045,24
6046,40
6047,16
6048,10
6049,0
6050,56
6051,29
6052,80
6053,7
6054,31
6055,65
6056,60
6057,0
6058,91
6059,91
6060,61
6061,17
6062,30
6063,3
6064,18
6065,83
6066,79
6067,0
6068,63
6069,13
6070,68
6071,50
6072,38
6073,91
6074,61
6075,17
6076,65
6077,56
6078,73
6079,17
6080,77
6081,3
6082,21
6083,47
6084,49
6085,39
6086,66
6087,14
6088,65
6089,55
6090,65
6091,54
6092,3
6093,54
6094,13
6095,79
6096,29
6097,76
6098,75
6099,6
6100,36
6101,24
6102,72
6103,3
6104,82
6105,64
6106,24
6107,30
6108,8
6109,81
6110,1
6111,46
6112,55
6113,91
6114,56
6115,61
6116,68
6117,20
6118,36
6119,22
6120,54
6121,42
6122,82
6123,59
6124,92
6125,69
6126,9
6127,52
6128,61
6129,56
6130,18
6131,93
6132,50
6133,11
6134,76
6135,11
6136,35
6137,78
6138,61
6139,69
6140,32
6141,89
6142,43
6143,62
6144,97
6145,98
6146,87
6147,92
6148,54
6149,17
6150,31
6151,91
6152,21
6153,2
6154,2
6155,21
6156,62
6157,5
6158,28
6159,79
6160,87
6161,67
6162,9
6163,8
6164,1
6165,55
6166,79
6167,90
6168,85
6169,81
6170,96
6171,64
6172,49
6173,74
6174,45
6175,13
6176,7
6177,55
6178,47
6179,79
6180,41
6181,72
6182,64
6183,32
6184,25
6185,52
6186,78
6187,74
6188,94
6189,21
6190,8
6191,75
6192,9
6193,75
6194,79
6195,65
6196,6
6197,39
6198,7
6199,66
6200,89
6201,54
6202,5
6203,54
6204,27
6205,63
6206,95
6207,66
6208,67
6209,63
6210,16
6211,48
6212,56
6213,31
6214,92
6215,42
6216,75
6217,47
6218,79
6219,66
6220,31
6221,60
6222,12
6223,54
6224,79
6225,23
6226,54
6227,4
6228,56
6229,91
6230,64
6231,27
6232,10
6233,21
6234,64
6235,33
6236,77
6237,9
6238,66
6239,83
6240,96
6241,90
6242,61
6243,46
6244,16
6245,31
6246,44
6247,88
6248,78
6249,95
6250,68
6251,64
6252,74
6253,36
6254,1
6255,85
6256,67
6257,60
6258,11
6259,75
6260,41
6261,1
6262,73
6263,58
6264,68
6265,36
6266,86
6267,10
6268,38
6269,10
6270,1
6271,89
6272,63
6273,60
6274,26
6275,73
6276,76
6277,41
6278,32
6279,96
6280,7
6281,48
6282,41
6283,66
6284,59
6285,80
6286,81
6287,51
6288,34
6289,80
6290,53
6291,69
6292,19
6293,39
6294,23
6295,6
6296,30
6297,79
6298,10
6299,80
6300,76
6301,8
6302,48
6303,32
6304,63
6305,27
6306,55
6307,24
6308,4
6309,66
6310,32
6311,42
6312,5
6313,44
6314,51
6315,1
6316,1
6317,72
6318,72
6319,72
6320,27
6321,76
6322,37
6323,32
6324,52
6325,88
6326,93
6327,69
6328,95
6329,75
6330,62
6331,8
6332,16
6333,87
6334,95
6335,75
6336,8
6337,68
6338,75
6339,6
6340,86
6341,49
6342,42
6343,88
6344,61
6345,13
6346,37
6347,55
6348,39
6349,76
6350,63
6351,17
6352,39
6353,66
6354,75
6355,79
6356,60
6357,41
6358,70
6359,20
6360,57
6361,77
6362,93
6363,11
6364,57
6365,35
6366,12
6367,73
6368,0
6369,91
6370,26
6371,61
6372,80
6373,16
6374,6
6375,9
6376,57
6377,4
6378,96
6379,10
6380,52
6381,70
6382,7
6383,10
6384,41
6385,46
6386,78
6387,60
6388,89
6389,89
6390,79
6391,25
6392,6
6393,38
6394,96
6395,13
6396,16
6397,8
6398,70
6399,45
6400,83
6401,12
6402,38
6403,0
6404,62
6405,80
6406,42
6407,77
6408,38
6409,55
6410,15
6411,2
6412,79
6413,13
6414,43
6415,98
6416,77
6417,7
6418,28
6419,57
6420,92
6421,87
6422,10
6423,32
6424,14
6425,14
6426,97
6427,60
6428,7
6429,34
6430,60
6431,5
6432,46
6433,18
6434,21
6435,10
6436,70
6437,54
6438,86
6439,35
6440,9
6441,88
6442,84
6443,79
6444,61
6445,85
6446,75
6447,12
6448,59
6449,61
6450,23
6451,34
6452,93
6453,87
6454,60
6455,79
6456,17
6457,91
6458,6
6459,83
6460,52
6461,68
6462,13
6463,38
6464,32
6465,46
6466,21
6467,81
6468,3
6469,6
6470,68
6471,95
6472,21
6473,65
6474,48
6475,98
6476,24
6477,84
6478,17
6479,32
6480,24
6481,15
6482,39
6483,20
6484,25
6485,79
6486,75
6487,62
6488,29
6489,66
6490,35
6491,52
6492,74
6493,37
6494,30
6495,84
6496,4
6497,0
6498,10
6499,9
6500,74
6501,11
6502,30
6503,24
6504,44
6505,18
6506,91
6507,73
6508,30
6509,27
6510,8
6511,31
6512,60
6513,88
6514,60
6515,17
6516,77
6517,54
6518,12
6519,37
6520,48
6521,49
6522,20
6523,64
6524,7
6525,60
6526,35
6527,44
6528,21
6529,55
6530,20
6531,3
6532,58
6533,31
6534,80
6535,21
6536,16
6537,65
6538,35
6539,92
6540,96
6541,94
6542,48
6543,43
6544,61
6545,30
6546,79
6547,8
6548,32
6549,64
6550,8
6551,61
6552,69
6553,21
6554,5
6555,82
6556,42
6557,45
6558,80
6559,11
6560,94
6561,2
6562,68
6563,60
6564,84
6565,23
6566,41
6567,61
6568,34
6569,0
6570,77
6571,14
6572,73
6573,13
6574,9
6575,67
6576,41
6577,91
6578,20
6579,24
6580,78
6581,56
6582,88
6583,13
6584,17
6585,71
6586,64
6587,55
6588,58
6589,17
6590,21
6591,62
6592,6
6593,75
6594,47
6595,25
6596,79
6597,17
6598,44
6599,68
6600,32
6601,45
6602,80
6603,80
6604,36
6605,11
6606,63
6607,39
6608,56
6609,63
6610,52
6611,64
6612,62
6613,70
6614,83
6615,48
6616,74
6617,24
6618,63
6619,87
6620,8
6621,26
6622,20
6623,23
6624,87
6625,54
6626,45
6627,95
6628,91
6629,88
6630,63
6631,30
6632,16
6633,20
6634,81
6635,12
6636,47
6637,63
6638,73
6639,35
6640,63
6641,89
6642,80
6643,84
6644,21
6645,31
6646,53
6647,52
6648,49
6649,59
6650,9
6651,89
6652,63
6653,6
6654,47
6655,70
6656,68
6657,53
6658,7
6659,69
6660,6
6661,63
6662,5
6663,89
6664,3
6665,49
6666,11
6667,66
6668,31
6669,25
6670,79
6671,98
6672,94
6673,17
6674,33
6675,90
6676,35
6677,36
6678,71
6679,93
6680,28
6681,57
6682,62
6683,17
6684,62
6685,48
6686,77
6687,73
6688,21
6689,3
6690,19
6691,58
6692,78
6693,73
6694,94
6695,47
6696,2
6697,60
6698,68
6699,77
6700,69
6701,92
6702,26
6703,40
6704,62
6705,60
6706,68
6707,48
6708,55
6709,35
6710,82
6711,96
6712,90
6713,4
6714,73
6715,47
6716,45
6717,63
6718,30
6719,64
6720,70
6721,23
6722,11
6723,52
6724,83
6725,38
6726,46
6727,37
6728,47
6729,37
6730,64
6731,6
6732,9
6733,46
6734,2
6735,77
6736,43
6737,39
6738,48
6739,59
6740,20
6741,56
6742,19
6743,80
6744,35
6745,23
6746,17
6747,46
6748,89
6749,6
6750,88
6751,74
6752,1
6753,21
6754,89
6755,40
6756,33
6757,88
6758,63
6759,73
6760,47
6761,62
6762,88
6763,98
6764,52
6765,29
6766,35
6767,89
6768,26
6769,74
6770,31
6771,54
6772,89
6773,77
6774,77
6775,61
6776,9
6777,81
6778,65
6779,46
6780,31
6781,66
6782,54
6783,24
6784,93
6785,48
6786,79
6787,68
6788,17
6789,9
6790,34
6791,61
6792,88
6793,29
6794,3
6795,38
6796,72
6797,21
6798,78
6799,12
6800,56
6801,61
6802,2
6803,36
6804,4
6805,54
6806,32
6807,73
6808,37
6809,44
6810,15
6811,31
6812,34
6813,38
6814,24
6815,95
6816,75
6817,54
6818,62
6819,45
6820,1
6821,27
6822,31
6823,78
6824,14
6825,58
6826,57
6827,10
6828,62
6829,78
6830,50
6831,76
6832,98
6833,77
6834,96
6835,40
6836,68
6837,74
6838,46
6839,49
6840,41
6841,28
6842,43
6843,16
6844,26
6845,59
6846,35
6847,16
6848,81
6849,17
6850,53
6851,86
6852,32
6853,28
6854,70
6855,1
6856,1
6857,15
6858,29
6859,96
6860,47
6861,64
6862,13
6863,41
6864,43
6865,3
6866,36
6867,35
6868,9
6869,97
6870,54
6871,38
6872,62
6873,88
6874,90
6875,52
6876,87
6877,71
6878,30
6879,21
6880,31
6881,0
6882,11
6883,14
6884,12
6885,3
6886,85
6887,1
6888,13
6889,51
6890,7
6891,60
6892,93
6893,60
6894,75
6895,97
6896,3
6897,42
6898,77
6899,43
6900,61
6901,48
6902,69
6903,77
6904,76
6905,53
6906,28
6907,33
6908,36
6909,1
6910,31
6911,30
6912,50
6913,40
6914,91
6915,7
6916,53
6917,27
6918,93
6919,47
6920,16
6921,30
6922,60
6923,74
6924,17
6925,8
6926,3
6927,77
6928,27
6929,61
6930,77
6931,60
6932,63
6933,95
6934,86
6935,3
6936,63
6937,41
6938,35
6939,41
6940,66
6941,83
6942,57
6943,80
6944,51
6945,2
6946,24
6947,4
6948,51
6949,35
6950,82
6951,91
6952,97
6953,19
6954,51
6955,37
6956,30
6957,26
6958,59
6959,37
6960,79
6961,73
6962,52
6963,73
6964,25
6965,41
6966,87
6967,81
6968,41
6969,16
6970,71
6971,61
6972,95
6973,9
6974,68
6975,8
6976,14
6977,41
6978,53
6979,61
6980,40
6981,69
6982,39
6983,78
6984,81
6985,23
6986,97
6987,79
6988,87
6989,3
6990,10
6991,18
6992,35
6993,37
6994,28
6995,54
6996,66
6997,30
6998,86
6999,35
7000,13
7001,49
7002,26
7003,14
7004,3
7005,35
7006,27
7007,35
7008,94
7009,0
7010,21
7011,33
7012,75
7013,21
7014,54
7015,88
7016,21
7017,61
7018,6
7019,31
7020,32
7021,92
7022,50
7023,10
7024,31
7025,71
7026,12
7027,24
7028,19
7029,61
7030,97
7031,21
7032,53
7033,47
7034,25
7035,65
7036,62
7037,88
7038,61
7039,49
7040,51
7041,56
7042,71
7043,2
7044,51
7045,17
7046,48
7047,55
7048,73
7049,70
7050,39
7051,31
7052,4
7053,72
7054,66
7055,75
7056,92
7057,83
7058,42
7059,3
7060,8
7061,49
7062,47
7063,73
7064,52
7065,21
7066,3
7067,58
7068,52
7069,37
7070,23
7071,32
7072,74
7073,94
7074,71
7075,27
7076,21
7077,56
7078,59
7079,66
7080,94
7081,5
7082,56
7083,73
7084,77
7085,82
7086,7
7087,3
7088,19
7089,83
7090,80
7091,82
7092,38
7093,85
7094,69
7095,47
7096,98
7097,53
7098,2
7099,97
7100,80
7101,87
7102,75
7103,46
7104,42
7105,31
7106,9
7107,87
7108,71
7109,75
7110,24
7111,48
7112,61
7113,58
7114,48
7115,58
7116,73
7117,4
7118,17
7119,1
7120,61
7121,50
7122,21
7123,74
7124,17
7125,78
7126,30
7127,27
7128,53
7129,57
7130,91
7131,18
7132,48
7133,70
7134,74
7135,73
7136,29
7137,97
7138,71
7139,8
7140,62
7141,78
7142,94
7143,73
7144,91
7145,78
7146,31
7147,30
7148,52
7149,79
7150,32
7151,3
7152,63
7153,14
7154,51
7155,13
7156,28
7157,23
7158,10
7159,39
7160,69
7161,70
7162,52
7163,47
7164,6
7165,36
7166,51
7167,76
7168,11
7169,63
7170,31
7171,25
7172,10
7173,5
7174,10
7175,21
7176,82
7177,92
7178,85
7179,80
7180,41
7181,40
7182,79
7183,16
7184,39
7185,12
7186,91
7187,66
7188,80
7189,53
7190,91
7191,50
7192,93
7193,16
7194,63
7195,29
7196,60
7197,97
7198,65
7199,55
7200,2
7201,41
7202,38
7203,63
7204,39
7205,99
7206,63
7207,27
7208,37
7209,61
7210,79
7211,10
7212,51
7213,13
7214,83
7215,80
7216,67
7217,84
7218,13
7219,49
7220,31
7221,19
7222,32
7223,16
7224,70
7225,77
7226,19
7227,63
7228,40
7229,62
7230,96
7231,9
7232,82
7233,81
7234,96
7235,85
7236,52
7237,73
7238,77
7239,61
7240,74
7241,3
7242,49
7243,62
7244,55
7245,34
7246,64
7247,84
7248,51
7249,35
7250,8
7251,53
7252,3
7253,26
7254,19
7255,79
7256,47
7257,54
7258,0
7259,63
7260,21
7261,50
7262,38
7263,99
7264,88
7265,28
7266,28
7267,18
7268,28
7269,80
7270,85
7271,41
7272,69
7273,56
7274,87
7275,9
7276,84
7277,63
7278,70
7279,53
7280,60
7281,12
7282,62
7283,79
7284,40
7285,86
7286,78
7287,22
7288,1
7289,55
7290,32
7291,63
7292,61
7293,25
7294,75
7295,63
7296,55
7297,27
7298,21
7299,35
7300,20
7301,12
7302,71
7303,36
7304,12
7305,57
7306,92
7307,4
7308,6
7309,42
7310,11
7311,97
7312,50
7313,75
7314,36
7315,9
7316,10
7317,14
7318,23
7319,78
7320,81
7321,42
7322,21
7323,60
7324,41
7325,30
7326,95
7327,17
7328,5
7329,31
7330,31
7331,55
7332,26
7333,9
7334,59
7335,19
7336,66
7337,17
7338,41
7339,97
7340,75
7341,55
7342,60
7343,70
7344,69
7345,21
7346,1
7347,35
7348,44
7349,52
7350,91
7351,55
7352,35
7353,54
7354,3
7355,79
7356,18
7357,18
7358,36
7359,95
7360,91
7361,17
7362,79
7363,28
7364,79
7365,39
7366,84
7367,31
7368,8
7369,71
7370,84
7371,13
7372,24
7373,38
7374,84
7375,70
7376,2
7377,45
7378,32
7379,1
7380,99
7381,27
7382,47
7383,95
7384,52
7385,33
7386,32
7387,70
7388,34
7389,93
7390,42
7391,2
7392,37
7393,58
7394,46
7395,14
7396,74
7397,12
7398,27
7399,45
7400,28
7401,62
7402,41
7403,63
7404,13
7405,35
7406,72
7407,54
7408,11
7409,17
7410,73
7411,63
7412,88
7413,28
7414,88
7415,68
7416,34
7417,58
7418,2
7419,25
7420,71
7421,66
7422,11
7423,83
7424,48
7425,21
7426,63
7427,13
7428,94
7429,55
7430,63
7431,75
7432,74
7433,67
7434,8
7435,24
7436,63
7437,33
7438,83
7439,16
7440,42
7441,84
7442,33
7443,33
7444,61
7445,74
7446,64
7447,46
7448,49
7449,4
7450,71
7451,15
7452,4
7453,63
7454,77
7455,51
7456,89
7457,55
7458,60
7459,82
7460,5
7461,68
7462,92
7463,8
7464,40
7465,77
7466,19
7467,8
7468,64
7469,42
7470,86
7471,76
7472,96
7473,67
7474,15
7475,29
7476,14
7477,88
7478,16
7479,16
7480,52
7481,28
7482,60
7483,17
7484,38
7485,5
7486,47
7487,61
7488,56
7489,91
7490,34
7491,25
7492,13
7493,70
7494,14
7495,42
7496,35
7497,3
7498,8
7499,32
7500,16
7501,32
7502,54
7503,81
7504,73
7505,84
7506,1
7507,97
7508,88
7509,92
7510,10
7511,21
7512,52
7513,36
7514,30
7515,49
7516,23
7517,7
7518,46
7519,22
7520,51
7521,49
7522,17
7523,33
7524,36
7525,3
7526,3
7527,63
7528,13
7529,2
7530,12
7531,6
7532,75
7533,21
7534,6
7535,36
7536,79
7537,73
7538,80
7539,28
7540,21
7541,63
7542,74
7543,60
7544,9
7545,42
7546,82
7547,52
7548,23
7549,50
7550,0
7551,49
7552,65
7553,37
7554,3
7555,58
7556,28
7557,31
7558,88
7559,72
7560,0
7561,24
7562,67
7563,26
7564,86
7565,31
7566,43
7567,64
7568,36
7569,63
7570,92
7571,30
7572,52
7573,67
7574,32
7575,51
7576,45
7577,56
7578,7
7579,21
7580,4
7581,46
7582,36
7583,22
7584,58
7585,56
7586,67
7587,57
7588,90
7589,59
7590,2
7591,16
7592,52
7593,63
7594,97
7595,69
7596,8
7597,13
7598,28
7599,40
7600,3
7601,90
7602,56
7603,11
7604,78
7605,60
7606,0
7607,94
7608,22
7609,48
7610,31
7611,77
7612,94
7613,33
7614,22
7615,13
7616,24
7617,47
7618,94
7619,17
7620,38
7621,58
7622,73
7623,48
7624,39
7625,34
7626,58
7627,60
7628,21
7629,63
7630,15
7631,1
7632,29
7633,92
7634,18
7635,59
7636,57
7637,21
7638,27
7639,32
7640,3
7641,39
7642,88
7643,96
7644,11
7645,64
7646,50
7647,10
7648,98
7649,79
7650,73
7651,58
7652,69
7653,66
7654,20
7655,8
7656,41
7657,89
7658,79
7659,63
7660,12
7661,58
7662,16
7663,1
7664,93
7665,93
7666,56
7667,88
7668,70
7669,43
7670,46
7671,64
7672,98
7673,10
7674,52
7675,86
7676,82
7677,89
7678,64
7679,17
7680,63
7681,70
7682,10
7683,11
7684,33
7685,38
7686,87
7687,92
7688,80
7689,90
7690,37
7691,12
7692,88
7693,58
7694,13
7695,48
7696,44
7697,14
7698,49
7699,54
7700,32
7701,15
7702,14
7703,70
7704,62
7705,81
7706,12
7707,32
7708,48
7709,87
7710,20
7711,79
7712,76
7713,88
7714,7
7715,37
7716,10
7717,56
7718,56
7719,54
7720,70
7721,86
7722,60
7723,26
7724,90
7725,34
7726,97
7727,50
7728,36
7729,4
7730,42
7731,72
7732,49
7733,42
7734,9
7735,55
7736,39
7737,56
7738,61
7739,61
7740,29
7741,60
7742,77
7743,38
7744,42
7745,41
7746,5
7747,0
7748,36
7749,17
7750,5
7751,7
7752,48
7753,71
7754,70
7755,56
7756,28
7757,65
7758,49
7759,8
7760,61
7761,32
7762,90
7763,10
7764,58
7765,16
7766,43
7767,85
7768,6
7769,8
7770,65
7771,56
7772,49
7773,32
7774,12
7775,72
7776,46
7777,97
7778,73
7779,96
7780,2
7781,15
7782,6
7783,41
7784,8
7785,48
7786,61
7787,62
7788,86
7789,42
7790,88
7791,73
7792,17
7793,8
7794,83
7795,75
7796,95
7797,33
7798,49
7799,81
7800,88
7801,94
7802,65
7803,13
7804,36
7805,31
7806,1
7807,41
7808,88
7809,96
7810,89
7811,69
7812,42
7813,91
7814,84
7815,26
7816,17
7817,65
7818,97
7819,66
7820,78
7821,8
7822,13
7823,28
7824,50
7825,35
7826,28
7827,14
7828,84
7829,8
7830,10
7831,90
7832,58
7833,33
7834,13
7835,61
7836,29
7837,16
7838,10
7839,73
7840,52
7841,70
7842,7
7843,88
7844,97
7845,83
7846,62
7847,31
7848,24
7849,83
7850,60
7851,18
7852,51
7853,37
7854,0
7855,91
7856,24
7857,62
7858,18
7859,42
7860,16
7861,5
7862,44
7863,5
7864,16
7865,77
7866,54
7867,45
7868,19
7869,78
7870,88
7871,60
7872,15
7873,57
7874,37
7875,61
7876,60
7877,97
7878,49
7879,39
7880,76
7881,24
7882,55
7883,63
7884,67
7885,71
7886,11
7887,62
7888,42
7889,18
7890,13
7891,59
7892,69
7893,62
7894,16
7895,70
7896,63
7897,44
7898,32
7899,66
7900,35
7901,13
7902,99
7903,7
7904,87
7905,31
7906,84
7907,57
7908,65
7909,70
7910,89
7911,17
7912,36
7913,0
7914,60
7915,65
7916,66
7917,94
7918,2
7919,40
7920,68
7921,98
7922,79
7923,55
7924,82
7925,41
7926,73
7927,86
7928,91
7929,17
7930,3
7931,75
7932,91
7933,72
7934,84
7935,64
7936,13
7937,24
7938,31
7939,96
7940,76
7941,2
7942,78
7943,20
7944,63
7945,96
7946,21
7947,34
7948,62
7949,69
7950,93
7951,85
7952,35
7953,50
7954,23
7955,76
7956,16
7957,89
7958,36
7959,4
7960,39
7961,17
7962,73
7963,52
7964,45
7965,49
7966,10
7967,69
7968,45
7969,89
7970,54
7971,54
7972,92
7973,60
7974,23
7975,38
7976,41
7977,9
7978,8
7979,53
7980,91
7981,14
7982,48
7983,68
7984,73
7985,4
7986,36
7987,73
7988,96
7989,83
7990,48
7991,96
7992,33
7993,91
7994,81
7995,41
7996,43
7997,9
7998,51
7999,42
8000,21
8001,88
8002,99
8003,59
8004,67
8005,14
8006,17
8007,45
8008,1
8009,82
8010,73
8011,35
8012,32
8013,67
8014,46
8015,71
8016,17
8017,87
8018,42
8019,77
8020,5
8021,48
8022,52
8023,18
8024,75
8025,23
8026,8
8027,0
8028,16
8029,89
8030,21
8031,96
8032,91
8033,3
8034,27
8035,45
8036,52
8037,69
8038,62
8039,21
8040,18
8041,63
8042,43
8043,70
8044,77
8045,99
8046,90
8047,65
8048,10
8049,30
8050,97
8051,70
8052,32
8053,14
8054,60
8055,11
8056,50
8057,51
8058,74
8059,17
8060,60
8061,62
8062,51
8063,78
8064,24
8065,1
8066,8
8067,25
8068,36
8069,52
8070,97
8071,30
8072,82
8073,70
8074,29
8075,37
8076,24
8077,3
8078,18
8079,60
8080,10
8081,66
8082,3
8083,61
8084,43
8085,19
8086,16
8087,20
8088,2
8089,80
8090,63
8091,31
8092,25
8093,80
8094,7
8095,52
8096,99
8097,75
8098,52
8099,78
8100,37
8101,63
8102,49
8103,73
8104,32
8105,52
8106,46
8107,94
8108,99
8109,82
8110,84
8111,35
8112,32
8113,9
8114,64
8115,66
8116,76
8117,45
8118,88
8119,10
8120,79
8121,70
8122,65
8123,52
8124,16
8125,17
8126,19
8127,49
8128,20
8129,17
8130,73
8131,90
8132,1
8133,92
8134,66
8135,82
8136,38
8137,26
8138,68
8139,0
8140,38
8141,88
8142,38
8143,6
8144,21
8145,71
8146,35
8147,0
8148,48
8149,50
8150,54
8151,97
8152,45
8153,0
8154,26
8155,63
8156,47
8157,93
8158,38
8159,49
8160,2
8161,12
8162,70
8163,78
8164,71
8165,82
8166,25
8167,8
8168,26
8169,63
8170,55
8171,4
8172,32
8173,63
8174,33
8175,84
8176,15
8177,82
8178,8
8179,66
8180,34
8181,47
8182,48
8183,42
8184,99
8185,37
8186,70
8187,24
8188,24
8189,38
8190,80
8191,23
8192,6
8193,74
8194,53
8195,91
8196,84
8197,85
8198,37
8199,72
8200,83
8201,28
8202,24
8203,64
8204,99
8205,88
8206,53
8207,8
8208,77
8209,12
8210,21
8211,93
8212,87
8213,42
8214,68
8215,43
8216,10
8217,23
8218,84
8219,48
8220,35
8221,1
8222,80
8223,97
8224,45
8225,76
8226,77
8227,4
8228,60
8229,55
8230,64
8231,39
8232,54
8233,52
8234,52
8235,66
8236,23
8237,35
8238,25
8239,6
8240,32
8241,42
8242,35
8243,4
8244,65
8245,48
8246,29
8247,63
8248,2
8249,1
8250,1
8251,11
8252,66
8253,36
8254,64
8255,16
8256,20
8257,0
8258,53
8259,42
8260,88
8261,41
8262,58
8263,78
8264,1
8265,3
8266,95
8267,81
8268,39
8269,43
8270,8
8271,50
8272,48
8273,19
8274,32
8275,72
8276,3
8277,6
8278,10
8279,77
8280,67
8281,54
8282,50
8283,87
8284,58
8285,14
8286,15
8287,88
8288,79
8289,32
8290,52
8291,48
8292,73
8293,56
8294,60
8295,62
8296,87
8297,58
8298,31
8299,61
8300,75
8301,75
8302,67
8303,99
8304,34
8305,6
8306,12
8307,18
8308,76
8309,82
8310,28
8311,93
8312,31
8313,82
8314,38
8315,63
8316,39
8317,61
8318,89
8319,38
8320,70
8321,52
8322,92
8323,71
8324,45
8325,52
8326,4
8327,47
8328,86
8329,70
8330,70
8331,96
8332,90
8333,33
8334,26
8335,11
8336,87
8337,10
8338,56
8339,60
8340,55
8341,28
8342,14
8343,15
8344,28
8345,87
8346,95
8347,55
8348,54
8349,7
8350,3
8351,32
8352,88
8353,96
8354,48
8355,82
8356,13
8357,38
8358,26
8359,27
8360,33
8361,62
8362,80
8363,22
8364,60
8365,58
8366,75
8367,94
8368,80
8369,58
8370,20
8371,82
8372,2
8373,75
8374,11
8375,4
8376,48
8377,42
8378,25
8379,2
8380,0
8381,12
8382,35
8383,51
8384,77
8385,14
8386,48
8387,98
8388,41
8389,75
8390,42
8391,89
8392,94
8393,47
8394,46
8395,33
8396,52
8397,88
8398,10
8399,52
8400,76
8401,43
8402,86
8403,21
8404,24
8405,51
8406,41
8407,99
8408,83
8409,4
8410,9
8411,51
8412,99
8413,81
8414,52
8415,75
8416,31
8417,53
8418,21
8419,32
8420,40
8421,97
8422,48
8423,8
8424,71
8425,82
8426,9
8427,58
8428,93
8429,55
8430,95
8431,5
8432,13
8433,94
8434,14
8435,74
8436,73
8437,13
8438,36
8439,96
8440,74
8441,9
8442,8
8443,94
8444,1
8445,46
8446,61
8447,68
8448,78
8449,60
8450,14
8451,72
8452,87
8453,82
8454,89
8455,64
8456,86
8457,49
8458,73
8459,55
8460,63
8461,66
8462,3
8463,21
8464,0
8465,70
8466,18
8467,1
8468,6
8469,6
8470,6
8471,47
8472,15
8473,22
8474,55
8475,35
8476,1
8477,79
8478,67
8479,84
8480,53
8481,30
8482,50
8483,2
8484,45
8485,52
8486,1
8487,91
8488,8
8489,24
8490,76
8491,2
8492,33
8493,93
8494,69
8495,26
8496,49
8497,96
8498,76
8499,96
8500,93
8501,74
8502,92
8503,27
8504,10
8505,76
8506,50
8507,41
8508,16
8509,3
8510,94
8511,62
8512,37
8513,36
8514,21
8515,79
8516,19
8517,11
8518,64
8519,25
8520,42
8521,95
8522,37
8523,94
8524,96
8525,33
8526,58
8527,54
8528,68
8529,21
8530,84
8531,62
8532,69
8533,82
8534,41
8535,70
8536,3
8537,63
8538,66
8539,41
8540,58
8541,34
8542,37
8543,38
8544,72
8545,40
8546,60
8547,21
8548,78
8549,21
8550,44
8551,68
8552,22
8553,55
8554,73
8555,12
8556,74
8557,42
8558,44
8559,64
8560,39
8561,6
8562,63
8563,66
8564,69
8565,32
8566,25
8567,25
8568,76
8569,23
8570,91
8571,62
8572,51
8573,13
8574,16
8575,4
8576,6
8577,6
8578,84
8579,93
8580,55
8581,60
8582,20
8583,26
8584,51
8585,13
8586,85
8587,56
8588,72
8589,64
8590,98
8591,94
8592,86
8593,77
8594,90
8595,42
8596,77
8597,24
8598,20
8599,86
8600,75
8601,37
8602,13
8603,99
8604,69
8605,79
8606,90
8607,3
8608,64
8609,64
8610,56
8611,64
8612,36
8613,71
8614,50
8615,0
8616,35
8617,77
8618,91
8619,96
8620,58
8621,39
8622,61
8623,23
8624,42
8625,11
8626,43
8627,73
8628,0
8629,73
8630,47
8631,92
8632,78
8633,18
8634,46
8635,73
8636,8
8637,38
8638,32
8639,63
8640,95
8641,50
8642,79
8643,34
8644,88
8645,46
8646,94
8647,42
8648,62
8649,52
8650,85
8651,35
8652,47
8653,90
8654,62
8655,65
8656,91
8657,65
8658,2
8659,79
8660,71
8661,1
8662,85
8663,31
8664,10
8665,60
8666,64
8667,38
8668,17
8669,67
8670,55
8671,94
8672,6
8673,48
8674,84
8675,44
8676,13
8677,6
8678,45
8679,67
8680,57
8681,13
8682,64
8683,9
8684,97
8685,6
8686,16
8687,92
8688,96
8689,67
8690,13
8691,99
8692,21
8693,95
8694,24
8695,81
8696,65
8697,17
8698,12
8699,75
8700,7
8701,8
8702,62
8703,6
8704,38
8705,99
8706,20
8707,52
8708,54
8709,50
8710,73
8711,69
8712,64
8713,94
8714,69
8715,31
8716,49
8717,72
8718,10
8719,7
8720,66
8721,38
8722,60
8723,77
8724,3
8725,85
8726,91
8727,68
8728,55
8729,43
8730,70
8731,6
8732,62
8733,52
8734,88
8735,21
8736,41
8737,74
8738,43
8739,11
8740,48
8741,79
8742,94
8743,73
8744,57
8745,95
8746,59
8747,26
8748,82
8749,70
8750,19
8751,2
8752,19
8753,5
8754,39
8755,50
8756,65
8757,73
8758,85
8759,17
8760,11
8761,56
8762,13
8763,75
8764,69
8765,48
8766,42
8767,76
8768,7
8769,78
8770,72
8771,75
8772,16
8773,14
8774,40
8775,51
8776,76
8777,76
8778,93
8779,24
8780,61
8781,61
8782,0
8783,4
8784,13
8785,88
8786,90
8787,38
8788,17
8789,68
8790,85
8791,80
8792,54
8793,26
8794,68
8795,43
8796,73
8797,42
8798,6
8799,32
8800,3
8801,22
8802,73
8803,45
8804,71
8805,20
8806,61
8807,70
8808,70
8809,42
8810,41
8811,59
8812,64
8813,63
8814,21
8815,30
8816,43
8817,32
8818,56
8819,28
8820,69
8821,26
8822,80
8823,77
8824,73
8825,58
8826,94
8827,96
8828,49
8829,44
8830,90
8831,3
8832,60
8833,65
8834,41
8835,40
8836,24
8837,6
8838,48
8839,31
8840,46
8841,80
8842,17
8843,18
8844,56
8845,62
8846,52
8847,47
8848,15
8849,62
8850,39
8851,63
8852,33
8853,64
8854,29
8855,17
8856,73
8857,61
8858,96
8859,86
8860,93
8861,18
8862,28
8863,37
8864,41
8865,24
8866,37
8867,51
8868,53
8869,38
8870,52
8871,46
8872,4
8873,88
8874,12
8875,33
8876,93
8877,91
8878,31
8879,73
8880,58
8881,69
8882,21
8883,96
8884,17
8885,78
8886,75
8887,2
8888,52
8889,36
8890,83
8891,29
8892,74
8893,68
8894,16
8895,78
8896,62
8897,26
8898,13
8899,26
8900,59
8901,30
8902,39
8903,20
8904,31
8905,80
8906,69
8907,62
8908,8
8909,70
8910,51
8911,45
8912,22
8913,77
8914,50
8915,64
8916,52
8917,54
8918,98
8919,1
8920,32
8921,70
8922,32
8923,65
8924,59
8925,77
8926,18
8927,69
8928,71
8929,63
8930,36
8931,73
8932,85
8933,59
8934,27
8935,67
8936,63
8937,36
8938,99
8939,77
8940,4
8941,11
8942,11
8943,23
8944,61
8945,31
8946,99
8947,4
8948,32
8949,63
8950,94
8951,11
8952,51
8953,39
8954,27
8955,79
8956,68
8957,17
8958,17
8959,84
8960,6
8961,25
8962,10
8963,42
8964,58
8965,43
8966,65
8967,40
8968,34
8969,66
8970,62
8971,74
8972,87
8973,78
8974,94
8975,46
8976,31
8977,22
8978,15
8979,5
8980,16
8981,31
8982,9
8983,95
8984,1
8985,33
8986,77
8987,31
8988,4
8989,24
8990,30
8991,97
8992,45
8993,63
8994,6
8995,83
8996,94
8997,19
8998,85
8999,51
9000,84
9001,32
9002,6
9003,35
9004,28
9005,56
9006,43
9007,32
9008,3
9009,27
9010,78
9011,62
9012,54
9013,78
9014,25
9015,9
9016,95
9017,33
9018,6
9019,54
9020,20
9021,31
9022,89
9023,48
9024,7
9025,58
9026,62
9027,89
9028,39
9029,24
9030,24
9031,95
9032,39
9033,62
9034,80
9035,92
9036,89
9037,28
9038,73
9039,41
9040,90
9041,67
9042,52
9043,42
9044,28
9045,52
9046,32
9047,58
9048,54
9049,27
9050,15
9051,37
9052,84
9053,75
9054,30
9055,92
9056,55
9057,65
9058,71
9059,46
9060,26
9061,8
9062,79
9063,43
9064,10
9065,85
9066,4
9067,6
9068,13
9069,4
9070,35
9071,64
9072,27
9073,25
9074,68
9075,10
9076,61
9077,31
9078,66
9079,4
9080,9
9081,78
9082,32
9083,10
9084,61
9085,36
9086,83
9087,4
9088,98
9089,81
9090,5
9091,21
9092,55
9093,64
9094,88
9095,11
9096,9
9097,82
9098,26
9099,86
9100,73
9101,79
9102,82
9103,93
9104,62
9105,48
9106,71
9107,30
9108,31
9109,37
9110,60
9111,57
9112,86
9113,20
9114,0
9115,48
9116,61
9117,9
9118,58
9119,93
9120,34
9121,86
9122,55
9123,3
9124,33
9125,18
9126,50
9127,28
9128,68
9129,58
9130,55
9131,57
9132,61
9133,54
9134,24
9135,90
9136,96
9137,10
9138,38
9139,79
9140,13
9141,94
9142,47
9143,17
9144,94
9145,6
9146,17
9147,60
9148,86
9149,24
9150,9
9151,79
9152,41
9153,62
9154,3
9155,35
9156,71
9157,4
9158,37
9159,8
9160,53
9161,70
9162,80
9163,61
9164,21
9165,39
9166,23
9167,20
9168,35
9169,87
9170,8
9171,26
9172,39
9173,95
9174,76
9175,66
9176,19
9177,42
9178,2
9179,79
9180,21
9181,60
9182,23
9183,60
9184,5
9185,7
9186,24
9187,3
9188,33
9189,10
9190,40
9191,21
9192,42
9193,13
9194,60
9195,60
9196,40
9197,54
9198,44
9199,53
9200,65
9201,26
9202,76
9203,96
9204,65
9205,37
9206,73
9207,8
9208,33
9209,29
9210,62
9211,42
9212,17
9213,91
9214,93
9215,26
9216,70
9217,54
9218,70
9219,63
9220,32
9221,51
9222,23
9223,52
9224,88
9225,34
9226,79
9227,80
9228,64
9229,4
9230,52
9231,58
9232,35
9233,32
9234,9
9235,70
9236,77
9237,5
9238,41
9239,95
9240,26
9241,7
9242,62
9243,70
9244,57
9245,27
9246,11
9247,1
9248,31
9249,94
9250,55
9251,67
9252,97
9253,2
9254,42
9255,56
9256,24
9257,79
9258,3
9259,40
9260,73
9261,77
9262,4
9263,48
9264,50
9265,42
9266,17
9267,54
9268,76
9269,73
9270,19
9271,96
9272,42
9273,27
9274,99
9275,42
9276,61
9277,16
9278,78
9279,88
9280,3
9281,62
9282,59
9283,77
9284,48
9285,57
9286,51
9287,94
9288,43
9289,71
9290,60
9291,8
9292,88
9293,87
9294,64
9295,99
9296,39
9297,61
9298,11
9299,30
9300,63
9301,70
9302,29
9303,63
9304,54
9305,24
9306,56
9307,74
9308,24
9309,44
9310,87
9311,13
9312,23
9313,39
9314,95
9315,86
9316,16
9317,27
9318,2
9319,94
9320,90
9321,58
9322,4
9323,15
9324,87
9325,45
9326,13
9327,30
9328,21
9329,37
9330,31
9331,27
9332,52
9333,58
9334,63
9335,11
9336,8
9337,18
9338,56
9339,31
9340,85
9341,90
9342,43
9343,42
9344,64
9345,97
9346,82
9347,1
9348,68
9349,89
9350,22
9351,88
9352,31
9353,7
9354,36
9355,63
9356,52
9357,25
9358,98
9359,5
9360,46
9361,51
9362,73
9363,15
9364,13
9365,67
9366,60
9367,41
9368,54
9369,24
9370,1
9371,66
9372,80
9373,76
9374,96
9375,69
9376,81
9377,24
9378,1
9379,25
9380,4
9381,65
9382,63
9383,73
9384,21
9385,74
9386,47
9387,97
9388,70
9389,22
9390,62
9391,20
9392,15
9393,87
9394,23
9395,21
9396,13
9397,3
9398,4
9399,52
9400,31
9401,21
9402,64
9403,7
9404,21
9405,23
9406,64
9407,16
9408,83
9409,62
9410,6
9411,15
9412,41
9413,8
9414,51
9415,78
9416,13
9417,62
9418,7
9419,56
9420,48
9421,1
9422,1
9423,50
9424,34
9425,53
9426,48
9427,83
9428,50
9429,65
9430,80
9431,77
9432,75
9433,98
9434,78
9435,60
9436,45
9437,97
9438,54
9439,77
9440,34
9441,33
9442,13
9443,2
9444,6
9445,58
9446,18
9447,66
9448,97
9449,89
9450,84
9451,19
9452,32
9453,63
9454,93
9455,6
9456,18
9457,62
9458,79
9459,92
9460,44
9461,74
9462,99
9463,32
9464,30
9465,58
9466,24
9467,96
9468,31
9469,21
9470,54
9471,93
9472,34
9473,47
9474,78
9475,39
9476,26
9477,52
9478,28
9479,23
9480,36
9481,66
9482,21
9483,39
9484,94
9485,44
9486,48
9487,38
9488,51
9489,4
9490,89
9491,3
9492,3
9493,13
9494,65
9495,32
9496,60
9497,63
9498,4
9499,7
9500,63
9501,30
9502,89
9503,63
9504,66
9505,7
9506,72
9507,78
9508,25
9509,20
9510,8
9511,58
9512,18
9513,23
9514,91
9515,10
9516,51
9517,21
9518,24
9519,61
9520,30
9521,28
9522,93
9523,71
9524,10
9525,60
9526,51
9527,27
9528,32
9529,11
9530,85
9531,69
9532,77
9533,96
9534,53
9535,9
9536,0
9537,40
9538,66
9539,54
9540,76
9541,4
9542,73
9543,99
9544,19
9545,47
9546,36
9547,6
9548,86
9549,93
9550,16
9551,4
9552,77
9553,95
9554,48
9555,16
9556,45
9557,82
9558,35
9559,73
9560,35
9561,67
9562,17
9563,63
9564,37
9565,79
9566,51
9567,88
9568,86
9569,2
9570,48
9571,0
9572,80
9573,73
9574,97
9575,1
9576,55
9577,60
9578,35
9579,43
9580,51
9581,32
9582,3
9583,94
9584,53
9585,49
9586,17
9587,71
9588,37
9589,11
9590,61
9591,57
9592,52
9593,73
9594,60
9595,95
9596,49
9597,29
9598,29
9599,87
9600,2
9601,41
9602,81
9603,73
9604,75
9605,73
9606,90
9607,50
9608,58
9609,6
9610,32
9611,80
9612,15
9613,87
9614,69
9615,25
9616,22
9617,80
9618,35
9619,66
9620,63
9621,43
9622,57
9623,88
9624,56
9625,14
9626,44
9627,8
9628,45
9629,62
9630,97
9631,75
9632,69
9633,27
9634,26
9635,62
9636,19
9637,6
9638,76
9639,39
9640,98
9641,56
9642,81
9643,86
9644,38
9645,28
9646,8
9647,25
9648,75
9649,75
9650,94
9651,17
9652,47
9653,80
9654,38
9655,18
9656,4
9657,56
9658,82
9659,9
9660,16
9661,47
9662,19
9663,37
9664,0
9665,32
9666,24
9667,34
9668,82
9669,81
9670,51
9671,6
9672,82
9673,62
9674,67
9675,3
9676,39
9677,19
9678,38
9679,51
9680,68
9681,81
9682,2
9683,80
9684,70
9685,27
9686,80
9687,14
9688,24
9689,15
9690,83
9691,87
9692,59
9693,34
9694,74
9695,14
9696,99
9697,10
9698,73
9699,32
9700,86
9701,71
9702,89
9703,56
9704,93
9705,56
9706,61
9707,68
9708,11
9709,46
9710,13
9711,46
9712,38
9713,80
9714,11
9715,58
9716,51
9717,69
9718,60
9719,64
9720,89
9721,16
9722,31
9723,19
9724,43
9725,22
9726,75
9727,86
9728,88
9729,36
9730,35
9731,93
9732,63
9733,61
9734,10
9735,48
9736,17
9737,79
9738,48
9739,33
9740,78
9741,81
9742,62
9743,71
9744,67
9745,54
9746,36
9747,80
9748,51
9749,27
9750,67
9751,46
9752,38
9753,47
9754,20
9755,42
9756,13
9757,14
9758,63
9759,64
9760,0
9761,4
9762,61
9763,50
9764,0
9765,86
9766,65
9767,33
9768,69
9769,82
9770,53
9771,42
9772,97
9773,52
9774,36
9775,56
9776,94
9777,88
9778,65
9779,2
9780,88
9781,43
9782,97
9783,52
9784,61
9785,51
9786,18
9787,24
9788,39
9789,5
9790,71
9791,60
9792,11
9793,19
9794,3
9795,74
9796,51
9797,6
9798,95
9799,87
9800,71
9801,34
9802,80
9803,94
9804,78
9805,11
9806,32
9807,70
9808,99
9809,49
9810,13
9811,33
9812,33
9813,6
9814,60
9815,4
9816,28
9817,29
9818,75
9819,41
9820,21
9821,17
9822,88
9823,62
9824,30
9825,37
9826,36
9827,56
9828,25
9829,39
9830,66
9831,86
9832,8
9833,52
9834,63
9835,43
9836,79
9837,55
9838,87
9839,10
9840,84
9841,93
9842,78
9843,32
9844,75
9845,24
9846,55
9847,60
9848,62
9849,99
9850,6
9851,71
9852,8
9853,76
9854,65
9855,43
9856,28
9857,96
9858,35
9859,31
9860,8
9861,62
9862,42
9863,44
9864,86
9865,10
9866,71
9867,12
9868,41
9869,41
9870,3
9871,70
9872,58
9873,16
9874,16
9875,80
9876,32
9877,25
9878,66
9879,37
9880,39
9881,35
9882,42
9883,18
9884,36
9885,26
9886,14
9887,89
9888,6
9889,74
9890,2
9891,30
9892,43
9893,24
9894,13
9895,21
9896,75
9897,89
9898,48
9899,79
9900,80
9901,74
9902,31
9903,8
9904,25
9905,6
9906,78
9907,68
9908,24
9909,33
9910,93
9911,68
9912,50
9913,24
9914,90
9915,52
9916,73
9917,36
9918,78
9919,10
9920,35
9921,88
9922,52
9923,38
9924,63
9925,52
9926,83
9927,79
9928,33
9929,43
9930,8
9931,73
9932,0
9933,61
9934,34
9935,96
9936,97
9937,3
9938,59
9939,9
9940,67
9941,8
9942,79
9943,32
9944,12
9945,91
9946,63
9947,62
9948,84
9949,64
9950,43
9951,75
9952,66
9953,90
9954,36
9955,4
9956,47
9957,74
9958,86
9959,48
9960,72
9961,82
9962,95
9963,1
9964,60
9965,51
9966,19
9967,51
9968,47
9969,96
9970,18
9971,24
9972,24
9973,32
9974,36
9975,40
9976,56
9977,37
9978,6
9979,22
9980,35
9981,87
9982,48
9983,62
9984,24
9985,66
9986,41
9987,42
9988,76
9989,81
9990,74
9991,94
9992,8
9993,64
9994,49
9995,23
9996,8
9997,86
9998,60
9999,99
